ID,Name,Recipe [OPTIONAL],CoFID  ID,Food #1,Quantity (g/ml),CoFID  ID,Food #2,Quantity (g/ml),CoFID  ID,Food #3,Quantity (g/ml),CoFID  ID,Food #4,Quantity (g/ml),CoFID  ID,Food #5,Quantity (g/ml),CoFID  ID,Food #6,Quantity (g/ml),CoFID  ID,Food #7,Quantity (g/ml),CoFID  ID,Food #8,Quantity (g/ml),CoFID  ID,Food #9,Quantity (g/ml),CoFID  ID,Food #10,Quantity (g/ml)
1,Scrambled eggs,,12-963,"Eggs, chicken, whole, scrambled, without milk",100,13-316,"Peppers, capsicum, chilli, green, raw",25,13-499,"Onions, raw",40,,,,,,,,,,,,,,,,,,,,,
2,Whole meal toast,,11-982,"Bread, wholemeal, toasted",80,,,,,,,,,,,,,,,,,,,,,,,,,,,
3,"Hummus, plain","Mix together canned/cooked peas with tahini, olive oil, garlic, ground cumin, salt and pepper to taste and water, to have a lighter consistency ",13-670,"Beans, chick peas, canned, re-heated, drained",60,14-847,Tahini paste,15,13-244,"Garlic, raw",3,17-367,Salt,,13-880,"Pepper, black",,,,,,,,,,,,,,,,
4,Roasted pumpkin seeds ,Pan fry pumpkin seeds ,14-842,Pumpkin seeds,15,,,,,,,,,,,,,,,,,,,,,,,,,,,
5,"Carrot, beetroot and apple salad ","Mix together shredded carrots, beetroots and apples with apple cider vinegar to taste ",13-448,"Carrots, young, raw",30,13-164,"Beetroot, raw",30,14-319,"Apples, eating, raw, flesh and skin",30,17-339,Vinegar,3,,,,,,,,,,,,,,,,,,
6,Poppy seed oatmeal,"Start cooking rolled oats in low fat milk/plant based milk, add the grounded poppy seed, vanilla, walnut. When it has reached the consistency of your liking, add cottage cheese. Serve it with fresh or frozen sour cherries.",11-789,"Porridge oats, unfortified, cooked, made up with semi-skimmed milk",250,14-382,"Cherries, flesh and skin, raw",60,13-849,Poppy seeds,15,14-879,"Walnuts, kernel only",10,,,,,,,,,,,,,,,,,,
7,Salty cottage cheese spread with dill,"Mix cottage cheese with salt, pepper, and fresh dill. Add some kefir if needed.",12-539,"Cheese, cottage, plain",100,13-824,"Dill, fresh",3,17-367,Salt,,,,,,,,,,,,,,,,,,,,,,
8,Zacusca,"Grill capia or pimento peppers, eggplant until charred, (remove the burnt parts), chop them into small pieces. Chop the onion, and start to cook it on some oil in a big pot. When it has a darker colour, put the grilled and chopped vegetables into the pot with tomato sauce, salt and pepper, then blend it with a hand mixer. Cook for about 1-1.5 hours.",13-524,"Pepper, capsicum, red, raw",30,13-669,"Aubergine, flesh and skin, roasted in rapeseed oil",25,13-499,"Onions, raw",10,17-038,"Oil, olive",5,13-530,"Tomatoes, canned, whole contents",30,17-367,Salt,1,13-880,"Pepper, black",0.5,,,,,,,,,
9,Crispy chickpeas,Bake chickpeas in the air fryer until crispy ,13-670,"Beans, chick peas, canned, re-heated, drained",30,,,,,,,,,,,,,,,,,,,,,,,,,,,
10,"Fresh salad with red cabbage, carrot, onion, tomatoes ",,13-190,"Cabbage, red, raw",30,13-499,"Onions, raw",10,13-517,"Tomatoes, standard, raw",30,13-448,"Carrots, young, raw",30,,,,,,,,,,,,,,,,,,
11,Ciabatta,,11-969,"Bread, ciabatta",80,,,,,,,,,,,,,,,,,,,,,,,,,,,
12,Baby spinach salad,,13-521,"Spinach, baby, raw",30,15-876,"Salad, tomato and onion",40,,,,,,,,,,,,,,,,,,,,,,,,
13,"Breadsticks, plain",,11-826,"Breadsticks, plain",80,,,,,,,,,,,,,,,,,,,,,,,,,,,
14,"Hummus, beetroot",,13-670,"Beans, chick peas, canned, re-heated, drained",50,14-847,Tahini paste,15,13-244,"Garlic, raw",3,17-367,Salt,,13-880,"Pepper, black",,13-633,"Beetroot, cooked in unsalted water",15,,,,,,,,,,,,
15,Sourdough bread,,11-982,"Bread, wholemeal, toasted",80,,,,,,,,,,,,,,,,,,,,,,,,,,,
16,Broccoli sprouts,,13-174,"Broccoli, purple sprouting, raw",5,,,,,,,,,,,,,,,,,,,,,,,,,,,
17,Lentil spread,,13-661,"Lentils, green and brown, whole, dried, boiled in unsalted water",80,14-847,Tahini paste,15,13-244,"Garlic, raw",1,17-364,"Mustard, smooth",3,17-367,Salt,1,17-038,"Oil, olive",10,14-277,"Lemon juice, fresh",2,,,,,,,,,
18,Multigrain bread,,11-947,"Bread, seeded",80,,,,,,,,,,,,,,,,,,,,,,,,,,,
19,White bean spread with sun-dried tomatoes,,13-666,"Beans, cannellini, canned, re-heated, drained",80,13-530,"Tomatoes, canned, whole contents",10,17-041,"Oil, rapeseed",10,13-804,"Basil, fresh",1,17-367,Salt,1,,,,,,,,,,,,,,,
20,Crispy tortilla,Tortilla pieces airfried or baked until golden,11-925,"Tortilla, wheat, soft",80,,,,,,,,,,,,,,,,,,,,,,,,,,,
21,Avocado,,14-386,"Avocado, Hass, flesh only",60,,,,,,,,,,,,,,,,,,,,,,,,,,,
22,Black sesame seed,,14-844,Sesame seeds,10,,,,,,,,,,,,,,,,,,,,,,,,,,,
23,Tofu spread,,15-888,Tofu spread,80,,,,,,,,,,,,,,,,,,,,,,,,,,,
24,Pitta bread,,11-974,"Bread, pitta, white",80,,,,,,,,,,,,,,,,,,,,,,,,,,,
25,Soy yogurt,,12-609,"Yogurt, soya, non-dairy alternative to yogurt, fruit, fortified",150,,,,,,,,,,,,,,,,,,,,,,,,,,,
26,Chocolate granola,,11-788,"Porridge oats, unfortified",30,14-896,"Almonds, whole kernels",5,14-837,"Pecan nuts, kernel only",5,14-842,Pumpkin seeds,5,17-491,"Chocolate, plain",5,17-050,Honey,5,17-367,Salt,0.5,,,,,,,,,
27,Plum,,14-224,"Plums, yellow, flesh and skin, raw",80,,,,,,,,,,,,,,,,,,,,,,,,,,,
28,Pink smoothie ,"Bananas, oats, frozen strawberries and raspberries, soy milk, cinnamon blended together",11-788,"Porridge oats, unfortified",40,14-318,"Bananas, flesh only",50,14-324,"Strawberries, raw",50,14-375,"Raspberries, raw",30,12-524,"Milk, soya, non-dairy alternative to milk, unsweetened, fortified",100,13-874,"Cinnamon, ground",3,17-367,Salt,0.5,,,,,,,,,
29,Nice cream,"Frozen banana, cocoa powder, oat drink, espresso shot blended together",14-318,"Bananas, flesh only",150,12-545,Cocoa powder,10,17-491,"Chocolate, plain",5,14-890,"Coconut milk, reduced fat, retail",10,17-153,"Coffee, infusion, strong",30,,,,,,,,,,,,,,,
30,Carrotcake porridge,"Oatmeal with shredded carrot, cinnamon and walnut ",11-788,"Porridge oats, unfortified",40,13-448,"Carrots, young, raw",20,13-874,"Cinnamon, ground",3,14-879,"Walnuts, kernel only",10,12-523,"Milk, soya, non-dairy alternative to milk, sweetened, fortified",150,17-367,Salt,0.5,,,,,,,,,,,,
31,Applepie porridge ,Porridge with shredded apple and cinnamon,11-788,"Porridge oats, unfortified",40,14-319,"Apples, eating, raw, flesh and skin",20,13-874,"Cinnamon, ground",3,14-896,"Almonds, whole kernels",10,12-523,"Milk, soya, non-dairy alternative to milk, sweetened, fortified",150,17-367,Salt,0.5,,,,,,,,,,,,
32,Pumpkin-spiced porridge ,"Porridge with pumpkin purée, and pumpkin spice mix (cinnamon, nutmeg, cloves)",11-788,"Porridge oats, unfortified",40,13-549,"Pumpkin, flesh only, boiled in unsalted water",20,13-874,"Cinnamon, ground",2,13-877,"Nutmeg, ground",2,13-816,"Cloves, dried",2,12-524,"Milk, soya, non-dairy alternative to milk, unsweetened, fortified",150,17-367,Salt,0.5,,,,,,,,,
33,Buckwheat chocolate porridge,Buckwheat porridge with cocoa and coconut milk,11-006,"Buckwheat, groats",30,12-545,Cocoa powder,15,17-491,"Chocolate, plain",5,14-890,"Coconut milk, reduced fat, retail",50,12-523,"Milk, soya, non-dairy alternative to milk, sweetened, fortified",150,,,,,,,,,,,,,,,
34,Pumpkin seed,,14-842,Pumpkin seeds,20,,,,,,,,,,,,,,,,,,,,,,,,,,,
35,Brazil nut,,14-871,"Brazil nuts, kernel only",20,,,,,,,,,,,,,,,,,,,,,,,,,,,
36,"Walnuts, roasted",,14-879,"Walnuts, kernel only",20,,,,,,,,,,,,,,,,,,,,,,,,,,,
37,Strawberry jam,,17-073,"Jam, fruit with edible seeds",20,,,,,,,,,,,,,,,,,,,,,,,,,,,
38,Raspberries ,,14-375,"Raspberries, raw",80,,,,,,,,,,,,,,,,,,,,,,,,,,,
39,Peanut butter,,14-892,"Peanut butter, smooth",30,,,,,,,,,,,,,,,,,,,,,,,,,,,
40,Bananabread,,11-1029,"Banana bread, homemade",80,,,,,,,,,,,,,,,,,,,,,,,,,,,
41,Vegan banana pancake,,11-886,"Flour, wheat, white, plain, soft",40,14-318,"Bananas, flesh only",50,12-523,"Milk, soya, non-dairy alternative to milk, sweetened, fortified",80,17-045,"Oil, sunflower",5,13-874,"Cinnamon, ground",5,17-367,Salt,1,,,,,,,,,,,,
42,Hungarian ratatuille,,13-517,"Tomatoes, standard, raw",150,13-499,"Onions, raw",100,13-526,"Pepper, capsicum, yellow, raw",100,13-889,Cumin seeds,2,13-879,Paprika,3,17-367,Salt,2,17-045,"Oil, sunflower",10,,,,,,,,,
43,Cream quark,,12-174,"Cheese, Quark",100,,,,,,,,,,,,,,,,,,,,,,,,,,,
44,Cheese sandwich ,,12-358,"Cheese, Gouda",40,11-1145,"Bread, white, average",80,17-656,"Butter, spreadable, light (60% fat)",10,13-517,"Tomatoes, standard, raw",50,13-520,"Lettuce, average, raw",50,,,,,,,,,,,,,,,
45,Nutritional yeast,,17-517,Yeast extract,10,,,,,,,,,,,,,,,,,,,,,,,,,,,
46,Melon,,14-328,"Melon, yellow flesh, flesh only",80,,,,,,,,,,,,,,,,,,,,,,,,,,,
47,Hot green pepper,,13-318,"Peppers, capsicum, green, raw",50,,,,,,,,,,,,,,,,,,,,,,,,,,,
48,Baguette,,11-978,"Bread, white, French stick",80,,,,,,,,,,,,,,,,,,,,,,,,,,,
49,Yogurt,,12-379,"Yogurt, low fat, plain",150,,,,,,,,,,,,,,,,,,,,,,,,,,,
50,Peach,,14-299,"Peaches, raw, flesh and skin",100,,,,,,,,,,,,,,,,,,,,,,,,,,,
51,Guacamole,,17-797,"Guacamole, homemade",100,,,,,,,,,,,,,,,,,,,,,,,,,,,
52,Feta cheese,,12-525,"Cheese, Feta",50,,,,,,,,,,,,,,,,,,,,,,,,,,,
53,Smoked paprika,,13-879,Paprika,5,,,,,,,,,,,,,,,,,,,,,,,,,,,
54,"Scones, cheese",,11-1112,"Scones, cheese, homemade",80,,,,,,,,,,,,,,,,,,,,,,,,,,,
55,Hard boiled eggs,,12-940,"Eggs, chicken, whole, boiled",50,,,,,,,,,,,,,,,,,,,,,,,,,,,
56,Soft boiled eggs,,12-940,"Eggs, chicken, whole, boiled",50,,,,,,,,,,,,,,,,,,,,,,,,,,,
57,Mashed potatoes,,13-554,"Potatoes, old, mashed with reduced fat spread",150,,,,,,,,,,,,,,,,,,,,,,,,,,,
58,Fried eggs,,12-944,"Eggs, chicken, whole, fried in sunflower oil",,,,,,,,,,,,,,,,,,,,,,,,,,,,
59,Scrambled oats,"Mash a banana, add oats, an egg, soy milk and cinnamon. Panfry the mixture",11-788,"Porridge oats, unfortified",30,14-318,"Bananas, flesh only",50,12-937,"Eggs, chicken, whole, raw",50,13-874,"Cinnamon, ground",3,12-523,"Milk, soya, non-dairy alternative to milk, sweetened, fortified",30,17-367,Salt,0.5,,,,,,,,,,,,
60,Eggplant spread,,13-669,"Aubergine, flesh and skin, roasted in rapeseed oil",80,12-544,"Cream substitute, single",10,13-244,"Garlic, raw",2,17-367,Salt,2,13-880,"Pepper, black",0.5,,,,,,,,,,,,,,,
61,Egg spread,,12-940,"Eggs, chicken, whole, boiled",100,12-555,"Yogurt, Greek style, plain",10,13-887,"Chives, fresh",5,17-367,Salt,2,13-880,"Pepper, black",0.5,,,,,,,,,,,,,,,
62,Poached egg,,12-943,"Eggs, chicken, whole, poached",50,,,,,,,,,,,,,,,,,,,,,,,,,,,
63,Tuna and corn salad,,16-416,"Tuna, canned in brine, drained",100,13-529,"Sweetcorn kernels, canned in water, drained",80,13-524,"Pepper, capsicum, red, raw",30,13-352,"Spring onions, bulbs and tops, raw",10,13-636,"Celery, raw",10,12-555,"Yogurt, Greek style, plain",30,,,,,,,,,,,,
64,Chicken ham and eggs,,12-944,"Eggs, chicken, whole, fried in sunflower oil",100,19-538,Chicken slices,50,,,,,,,,,,,,,,,,,,,,,,,,
65,Hungarian smoked sausage sandwich ,,19-657,"Sausages, premium, raw",30,13-316,"Peppers, capsicum, chilli, green, raw",50,13-352,"Spring onions, bulbs and tops, raw",30,11-1145,"Bread, white, average",80,17-656,"Butter, spreadable, light (60% fat)",10,,,,,,,,,,,,,,,
66,apple,,14-319,"Apples, eating, raw, flesh and skin",150,,,,,,,,,,,,,,,,,,,,,,,,,,,
67,pecans,,14-837,"Pecan nuts, kernel only",20,,,,,,,,,,,,,,,,,,,,,,,,,,,
68,Kohlrabi,,13-261,"Kohl rabi, raw",50,,,,,,,,,,,,,,,,,,,,,,,,,,,
69,Lettuce and vinegar,,13-520,"Lettuce, average, raw",100,17-339,Vinegar,5,17-063,"Sugar, white",5,,,,,,,,,,,,,,,,,,,,,
70,Broccoli dip,"Previously soked cashews, blended with steamed broccoli, cannellini beans and spices",13-504,"Broccoli, green, steamed",60,13-666,"Beans, cannellini, canned, re-heated, drained",15,14-811,"Cashew nuts, kernel only, plain",10,13-830,Garlic powder,3,13-889,Cumin seeds,1,,,,,,,,,,,,,,,
71,Carrot,,13-448,"Carrots, young, raw",50,,,,,,,,,,,,,,,,,,,,,,,,,,,
72,Pear ,,14-361,"Pears, average, flesh and skin, raw, weighed with core and stalk",180,,,,,,,,,,,,,,,,,,,,,,,,,,,
73,Oat biscuits,,11-803,"Biscuits, digestive, with oats, plain",50,,,,,,,,,,,,,,,,,,,,,,,,,,,
74,Popcorn,,17-692,"Popcorn, salted, retail",30,,,,,,,,,,,,,,,,,,,,,,,,,,,
75,Celery sticks,,13-636,"Celery, raw",80,,,,,,,,,,,,,,,,,,,,,,,,,,,
76,Cucumber,,13-523,"Cucumber, raw, flesh and skin",80,,,,,,,,,,,,,,,,,,,,,,,,,,,
77,"Sunflower seeds, toasted",,14-846,"Sunflower seeds, toasted",20,,,,,,,,,,,,,,,,,,,,,,,,,,,
78,Cashew nut,,14-811,"Cashew nuts, kernel only, plain",20,,,,,,,,,,,,,,,,,,,,,,,,,,,
79,Almond butter,Blend almonds until smooth,14-896,"Almonds, whole kernels",20,,,,,,,,,,,,,,,,,,,,,,,,,,,
80,Cornflakes,,11-742,"Breakfast cereal, cornflakes, fortified",60,,,,,,,,,,,,,,,,,,,,,,,,,,,
81,Banana,,14-318,"Bananas, flesh only",120,,,,,,,,,,,,,,,,,,,,,,,,,,,
82,"Apples, dried",,14-016,"Apples, eating, dried",60,,,,,,,,,,,,,,,,,,,,,,,,,,,
83,"Butternut squash, baked",,13-644,"Squash, butternut, baked",100,,,,,,,,,,,,,,,,,,,,,,,,,,,
84,Watermelon,,14-296,"Melon, watermelon, flesh only",100,,,,,,,,,,,,,,,,,,,,,,,,,,,
85,Caprese salad,,12-360,"Cheese, Mozzarella, fresh",50,13-517,"Tomatoes, standard, raw",50,13-804,"Basil, fresh",10,17-038,"Oil, olive",5,17-367,Salt,1,,,,,,,,,,,,,,,
86,Plum jam,,14-222,"Plums, Victoria, stewed without sugar",60,,,,,,,,,,,,,,,,,,,,,,,,,,,
87,Kefir,,12-513,"Milk drink, fermented, with probiotics",150,,,,,,,,,,,,,,,,,,,,,,,,,,,
88,Rolled oats,,11-788,"Porridge oats, unfortified",50,,,,,,,,,,,,,,,,,,,,,,,,,,,
89,Cottage cheese,,12-539,"Cheese, cottage, plain",50,,,,,,,,,,,,,,,,,,,,,,,,,,,
90,Apple sauce,,17-851,"Apple sauce, homemade",70,,,,,,,,,,,,,,,,,,,,,,,,,,,
91,American pancakes,,11-886,"Flour, wheat, white, plain, soft",40,12-937,"Eggs, chicken, whole, raw",49,12-313,"Milk, semi-skimmed, pasteurised, average",40,17-355,Baking powder,4,17-063,"Sugar, white",10,17-661,"Butter, unsalted",5,17-367,Salt,0.5,,,,,,,,,
92,Apple muffins ,,11-886,"Flour, wheat, white, plain, soft",30,12-937,"Eggs, chicken, whole, raw",50,12-313,"Milk, semi-skimmed, pasteurised, average",30,17-355,Baking powder,5,13-874,"Cinnamon, ground",5,14-362,"Apples, cooking, raw, flesh only, peeled",30,17-060,"Sugar, brown",10,17-045,"Oil, sunflower",10,,,,,,
93,Olives,,14-359,"Olives, green, in brine, drained, flesh and skin, weighed with stones",100,,,,,,,,,,,,,,,,,,,,,,,,,,,
94,Egg muffins ,Baked egg cups with sautéed baby spinach and diced bell pepper in muffin tins,13-521,"Spinach, baby, raw",15,13-526,"Pepper, capsicum, yellow, raw",10,13-318,"Peppers, capsicum, green, raw",10,13-524,"Pepper, capsicum, red, raw",10,12-937,"Eggs, chicken, whole, raw",80,17-367,Salt,1,17-041,"Oil, rapeseed",5,,,,,,,,,
95,French toast,"Dip the bun into the egg-milk-cinnamon mixture, then toast both sides in hot butter",11-1091,"Milk bread, homemade",40,12-937,"Eggs, chicken, whole, raw",30,12-596,"Milk, whole, pasteurised, average",50,13-874,"Cinnamon, ground",3,17-060,"Sugar, brown",10,17-661,"Butter, unsalted",5,,,,,,,,,,,,
96,Smoked salmon,,16-412,"Salmon, smoked (cold-smoked)",50,,,,,,,,,,,,,,,,,,,,,,,,,,,
97,Chicken ham,,19-538,Chicken slices,50,,,,,,,,,,,,,,,,,,,,,,,,,,,
98,Hungarian white mold salami,,19-517,Salami,30,,,,,,,,,,,,,,,,,,,,,,,,,,,
99,Prosciutto,,19-496,Ham,50,,,,,,,,,,,,,,,,,,,,,,,,,,,
100,bran crackers,,11-1134,"Crackers, wholemeal, homemade",30,,,,,,,,,,,,,,,,,,,,,,,,,,,
101,grapes,,14-350,"Grapes, average",50,,,,,,,,,,,,,,,,,,,,,,,,,,,
102,Raisin,,14-393,"Raisins, dried",20,,,,,,,,,,,,,,,,,,,,,,,,,,,
103,Hungarian salt sticks ,,11-1134,"Crackers, wholemeal, homemade",20,,,,,,,,,,,,,,,,,,,,,,,,,,,
104,Milk bread,,11-1091,"Milk bread, homemade",70,,,,,,,,,,,,,,,,,,,,,,,,,,,
105,sour cherries,,14-382,"Cherries, flesh and skin, raw",70,,,,,,,,,,,,,,,,,,,,,,,,,,,
106,spelt cracker,,11-1134,"Crackers, wholemeal, homemade",30,,,,,,,,,,,,,,,,,,,,,,,,,,,
107,Rye bread,,11-822,"Crispbread, rye",50,,,,,,,,,,,,,,,,,,,,,,,,,,,
108,Dill,,13-824,"Dill, fresh",5,,,,,,,,,,,,,,,,,,,,,,,,,,,
109,Green pea pottage,"Sautéed green peas, hinted with flour, then cooked in plant-based milk until ready, seasoned with freah parsley",13-527,"Peas, frozen, raw",250,11-889,"Flour, wheat, wholemeal",15,12-524,"Milk, soya, non-dairy alternative to milk, unsweetened, fortified",100,17-038,"Oil, olive",10,17-367,Salt,2,13-844,"Parsley, fresh",1,13-880,"Pepper, black",0.5,,,,,,,,,
110,Garlic bread,"Toasted baguette, rubbed with raw garlic",11-978,"Bread, white, French stick",30,13-244,"Garlic, raw",2,17-038,"Oil, olive",5,,,,,,,,,,,,,,,,,,,,,
111,Falafel,,15-795,"Falafel, fried in rapeseed oil, homemade",60,,,,,,,,,,,,,,,,,,,,,,,,,,,
112,Croutons,"Diced stale bread airfried or baked until golden, sprinkled with flaky salt and fresh herbs",11-1136,"Bread, brown, toasted",30,,,,,,,,,,,,,,,,,,,,,,,,,,,
113,Sweetcorn rice,"Steamed white rice, mixed with canned sweetcorn",11-857,"Rice, white, basmati, raw",40,13-529,"Sweetcorn kernels, canned in water, drained",40,,,,,,,,,,,,,,,,,,,,,,,,
114,Fermented pickles,Hungarian fermented cucumbers with crown dill,17-718,"Pickle, sweet",60,,,,,,,,,,,,,,,,,,,,,,,,,,,
115,Cooked potatoes with parsley,"Diced and cooked potatoes, mixed with salt, margarine and parsley",13-605,"Potatoes, old, boiled in salted water, flesh only",200,13-844,"Parsley, fresh",2,12-500,"Baking fat and margarine (75-90% fat), hard block",5,17-367,Salt,1,,,,,,,,,,,,,,,,,,
116,Tomato salad,,13-519,"Tomatoes, cherry, raw",70,13-499,"Onions, raw",30,14-340,"Olives, green, in brine, drained, flesh and skin",10,17-367,Salt,1,17-038,"Oil, olive",5,13-804,"Basil, fresh",2,,,,,,,,,,,,
117,"Sweet cottage cheese dumplings in breadcrumbs ""túrógombóc""","Boiled cottage cheese and semolina balls, coated in breadcrumbs and sugar",12-539,"Cheese, cottage, plain",125,11-889,"Flour, wheat, wholemeal",15,11-903,"Semolina, raw",15,12-937,"Eggs, chicken, whole, raw",30,17-367,Salt,0.5,17-063,"Sugar, white",10,11-1001,"Bread, white, toasted",20,17-661,"Butter, unsalted",10,,,,,,
118,Poppy seed pasta,,11-720,"Pasta, white,  twists, fusilli, dried, boiled in unsalted water",130,13-849,Poppy seeds,15,17-063,"Sugar, white",10,,,,,,,,,,,,,,,,,,,,,
119,Steamed white rice,,11-857,"Rice, white, basmati, raw",80,17-367,Salt,1,,,,,,,,,,,,,,,,,,,,,,,,
120,Dumplings,"Mix the ingredients with water for texture, scoope out small pieces into the boiling water, wait 2-3 minutes until they rise to the surface",11-886,"Flour, wheat, white, plain, soft",50,12-937,"Eggs, chicken, whole, raw",50,17-367,Salt,1,,,,,,,,,,,,,,,,,,,,,
121,Pickled beetroot,,13-166,"Beetroot, pickled, drained",60,,,,,,,,,,,,,,,,,,,,,,,,,,,
122,Pickled pearl onions,,13-309,"Onions, pickled, drained",60,,,,,,,,,,,,,,,,,,,,,,,,,,,
123,Steamed brown rice,,11-870,"Rice, brown, easy cook, raw",80,17-367,Salt,1,,,,,,,,,,,,,,,,,,,,,,,,
124,Mustard,,17-364,"Mustard, smooth",10,,,,,,,,,,,,,,,,,,,,,,,,,,,
125,Tahini dressing,"Mix the ingredients, loosen with water",14-847,Tahini paste,10,14-277,"Lemon juice, fresh",3,13-844,"Parsley, fresh",1,13-830,Garlic powder,1,17-367,Salt,1,,,,,,,,,,,,,,,
126,Marrow squash pottage with dill,"Sautéed marrow squach hinted with flour, cooked in plant-based milk until ready, seasoned with freah dill",13-274,"Marrow, raw",250,11-889,"Flour, wheat, wholemeal",20,12-524,"Milk, soya, non-dairy alternative to milk, unsweetened, fortified",100,13-824,"Dill, fresh",2,17-367,Salt,2,13-880,"Pepper, black",0.5,,,,,,,,,,,,
127,Roasted veggie soup,"Roasted bell peppers, tomatoes, and courgette blended with cashew nuts and nutritional yeast",13-524,"Pepper, capsicum, red, raw",50,13-526,"Pepper, capsicum, yellow, raw",50,13-517,"Tomatoes, standard, raw",50,13-627,"Courgette, raw",50,14-811,"Cashew nuts, kernel only, plain",10,17-517,Yeast extract,10,17-367,Salt,2,13-880,"Pepper, black",0.5,,,,,,
128,Chili sin carne,Beans with corn in a spicy tomato ragou,15-719,"Chilli, bean and lentil, homemade",200,13-529,"Sweetcorn kernels, canned in water, drained",30,,,,,,,,,,,,,,,,,,,,,,,,
129,Vegetables in breadcrumbs,"Mushrooms, broccoli and eggplants in breadcrumbs, deepfried",13-505,"Mushrooms, white, raw",50,13-504,"Broccoli, green, steamed",50,13-627,"Courgette, raw",50,11-1001,"Bread, white, toasted",50,12-524,"Milk, soya, non-dairy alternative to milk, unsweetened, fortified",100,11-886,"Flour, wheat, white, plain, soft",30,17-045,"Oil, sunflower",30,17-367,salt,2,,,,,,
130,"Tofu and rice stew with paprika ""rizses hús""","Hungarian meat and rice stew (meat substituted with tofu): Sautéd onions, tomatoes, red peppers and paprika with cubes of plain tofu and rice",13-499,"Onions, raw",20,13-318,"Peppers, capsicum, green, raw",30,13-530,"Tomatoes, canned, whole contents",50,17-045,"Oil, sunflower",10,11-878,"Rice, white, Italian Arborio risotto, raw",30,13-571,"Tofu, soya bean, steamed, fried",60,13-879,Paprika,1,,,,,,,,,
131,"Stuffed aubergine, vegan","Stuffed aubergine filled with a mixture of rice, lentils, onions, and spices.",15-001,"Aubergine, stuffed with lentils and vegetables",200,11-857,"Rice, white, basmati, raw",30,,,,,,,,,,,,,,,,,,,,,,,,
132,Chickpea wrap,"Mashed chickpeas and avocado, diced red onions and tomatoes with rocket salad, wrapped in a whole wheat tortilla",13-670,"Beans, chick peas, canned, re-heated, drained",80,14-039,"Avocado, Fuerte, flesh only",30,13-519,"Tomatoes, cherry, raw",30,13-522,"Rocket, raw",15,11-925,"Tortilla, wheat, soft",100,,,,,,,,,,,,,,,
133,"Stuffed peppers, vegan","Peppers filled with a mixture of rice, beans, corn, and tomatoes, and seasoned with cumin, chili, and other spices",13-524,"Pepper, capsicum, red, raw",150,13-660,"Beans, red kidney, canned in water, re-heated, drained",30,13-529,"Sweetcorn kernels, canned in water, drained",30,13-530,"Tomatoes, canned, whole contents",20,13-317,"Peppers, capsicum, chilli, red, raw",0.5,17-367,Salt,2,11-858,"Rice, white, basmati, boiled in unsalted water",30,,,,,,,,,
134,"Layered cauliflower casserole, vegan","Sauteé the onions, add the spices, add the tomatoes and cook for 5 minutes. Add the tofu cook until warmed through. Cook rice in salted water. Roast the cauliflower in chunks with oil in the oven at 180 celsius for 15 minutes. Assemble by layering the tofu then the rice and the cauliflower, top with vegan cream.",13-499,"Onions, raw",20,13-570,"Tofu, soya bean, steamed",70,13-879,Paprika,2,13-517,"Tomatoes, standard, raw",20,11-861,"Rice, white, long grain, raw",25,13-512,"Cauliflower, raw",200,17-045,"Oil, sunflower",10,,,,,,,,,
135,Cabbage pasta,Sautée the onions and the cabbage on the oil. Cook the pasta (csusza if avaiable) in salted water. Mix together.,13-499,"Onions, raw",30,13-509,"Cabbage, white, raw",100,11-716,"Pasta, white, dried, raw",100,17-045,"Oil, sunflower",10,17-367,Salt,1,13-880,"Pepper, black",0.5,,,,,,,,,,,,
136,Potato pasta,Sautée the onions and potatoes on the oil. Cook the pasta (csusza if avalaible) in salted water. Season at the end.,13-499,"Onions, raw",30,13-489,"Potatoes, old, raw, flesh only",100,11-716,"Pasta, white, dried, raw",100,17-045,"Oil, sunflower",10,17-367,Salt,1,13-880,"Pepper, black",0.5,13-879,Paprika,3,,,,,,,,,
137,"Fusilli with green pesto, courgettes and chickpeas",,11-721,"Pasta, white, twists, fusilli, dried, boiled in salted water",150,17-622,"Pesto, green",20,13-629,"Courgette, roasted in rapeseed oil",60,13-670,"Beans, chick peas, canned, re-heated, drained",60,,,,,,,,,,,,,,,,,,
138,Red lentil pottage,,13-657,"Lentils, red, split, dried, raw",150,13-489,"Potatoes, old, raw, flesh only",50,13-496,"Carrots, old, raw",50,13-499,"Onions, raw",30,17-038,"Oil, olive",10,13-244,"Garlic, raw",3,13-861,"Turmeric, ground",1,13-879,Paprika,1,17-367,Salt,2,13-880,"Pepper, black",0.5
139,Spinach pottage,"Sautée the onion and the garlic, add the spinach and the milk. Cook for 10 minutes, blend. Mix the flour with some milk and add at the end to set the right texture. ",13-499,"Onions, raw",30,13-244,"Garlic, raw",5,13-458,"Spinach, frozen, boiled in unsalted water",170,12-596,"Milk, whole, pasteurised, average",80,11-886,"Flour, wheat, white, plain, soft",5,17-045,"Oil, sunflower",5,17-367,Salt,2,,,,,,,,,
140,Vegan bolognese spaghetti,"Cut the vegetables into small pieces, sautée them. Add the lentils  and the spices and some water to cover. Cook until the lentils are almost done. Add the canned tomatoes and cook for an other 10 minutes. ",13-499,"Onions, raw",30,13-244,"Garlic, raw",5,13-089,"Lentils, green and brown, whole, dried, raw",40,13-496,"Carrots, old, raw",20,13-636,"Celery, raw",20,17-045,"Oil, sunflower",5,13-806,"Bay leaf, dried",1,13-530,"Tomatoes, canned, whole contents",50,13-878,"Oregano, dried, ground",1,,,
141,Oven baked vegetables and tofu,"Oven baked jerusalem artichokes, beetroot, carrots, cabbage and tofu cubes, finished with a tahini based dressing",13-156,"Artichoke, Jerusalem, boiled in unsalted water, flesh only",60,13-164,"Beetroot, raw",50,13-496,"Carrots, old, raw",40,13-582,"Cabbage, average, raw",50,13-570,"Tofu, soya bean, steamed",80,17-041,"Oil, rapeseed",10,,,,,,,,,,,,
142,Minestrone,,17-810,"Soup, minestrone, homemade",,,,,,,,,,,,,,,,,,,,,,,,,,,,
143,Hungarian ratatuille with eggs,,13-517,"Tomatoes, standard, raw",150,13-499,"Onions, raw",100,13-526,"Pepper, capsicum, yellow, raw",100,13-889,Cumin seeds,2,13-879,Paprika,3,17-367,Salt,2,17-045,"Oil, sunflower",10,12-963,"Eggs, chicken, whole, scrambled, without milk",70,,,,,,
144,"Eggnoodle dish ""tojásos nokedli""","Small, soft dumplings coated in scrambled eggs",11-886,"Flour, wheat, white, plain, soft",50,12-937,"Eggs, chicken, whole, raw",50,17-367,Salt,1,12-963,"Eggs, chicken, whole, scrambled, without milk",100,,,,,,,,,,,,,,,,,,
145,"Layered potato casserole ""rakott krumpli""","Layered potato casserole made with sour cream, sausage, hard-boiled eggs.",13-605,"Potatoes, old, boiled in salted water, flesh only",250,12-940,"Eggs, chicken, whole, boiled",70,19-510,"Sausages, pork, raw",30,17-677,"Dips, sour-cream based, reduced fat",10,17-367,Salt,2,13-880,"Pepper, black",0.5,,,,,,,,,,,,
146,"Hungarian baked pasta with dairy and bacon ""túrós csusza""","Cook pasta in salted water, mix with cooked and cut bacon, sour cream and quark. Bake in the oven.",11-715,"Pasta, egg, white, dried, raw",80,12-174,"Cheese, Quark",40,17-677,"Dips, sour-cream based, reduced fat",20,19-016,"Bacon rashers, streaky, raw",20,17-367,Salt,1,,,,,,,,,,,,,,,
147,Deep-fried cheese in breadcrumbs,Bread the cheese in flour then beaten egg then bread crumbs. Do these 3 steps again. Deep fry at 180 celsius in oil until golden brown.,12-355,"Cheese, Edam",100,11-886,"Flour, wheat, white, plain, soft",10,12-937,"Eggs, chicken, whole, raw",20,11-1001,"Bread, white, toasted",10,17-367,Salt,1,,,,,,,,,,,,,,,
148,Green pea soup,,13-527,"Peas, frozen, raw",100,13-496,"Carrots, old, raw",30,13-312,"Parsnip, raw",20,17-045,"Oil, sunflower",10,17-727,"Stock cubes, vegetable",10,,,,,,,,,,,,,,,
149,Hungarian pancakes stuffed with sweet cottage cheese filling,"Whisk everything together for the pancake batter and add sparkling water until the right consistency is reached (usally the same amount as water) . Cook over a very small amount of sunflower oil. To make the filling mix quark, yogurt, sugar and lemon juice. ",11-886,"Flour, wheat, white, plain, soft",50,12-963,"Eggs, chicken, whole, scrambled, without milk",25,12-596,"Milk, whole, pasteurised, average",75,17-045,"Oil, sunflower",5,12-174,"Cheese, Quark",30,12-555,"Yogurt, Greek style, plain",20,17-063,"Sugar, white",15,14-277,"Lemon juice, fresh",3,,,,,,
150,"Layered broccoli casserole ""rakott brokkoli""","Cook the rice in salted water. Steam the broccoli. Sauteé onions, then add the meat and the spices. In a baking dish layer together in this order: meat - rice - broccoli. Add the sour cream on top, bake in a 180 celsius oven for 20 minutes.",18-606,"Pork, mince, raw",70,13-502,"Broccoli, green, raw",200,11-861,"Rice, white, long grain, raw",25,17-677,"Dips, sour-cream based, reduced fat",15,13-499,"Onions, raw",30,13-879,Paprika,2,13-880,"Pepper, black",0.5,,,,,,,,,
151,Roasted catfish with rosemary,"Spread the butter on the catfish fillets, season with salt, add the rosmary on top and under. Bake in a 180 celsius oven for 15-30 minutes depending on size.",16-007,"Catfish, raw",100,17-661,"Butter, unsalted",15,13-892,"Rosemary, fresh",5,17-367,Salt,1,,,,,,,,,,,,,,,,,,
152,Catfish paprikash,"Sautée onions, pepper and tomatoes in oil, add paprika. Add cubes of presalted catfish. Add a bit of water to cook. When the catfish is cooked add sour cream mixed with flour to thicken.  ",16-007,"Catfish, raw",80,13-499,"Onions, raw",25,13-318,"Peppers, capsicum, green, raw",10,13-517,"Tomatoes, standard, raw",15,17-045,"Oil, sunflower",10,17-367,Salt,2,13-879,Paprika,5,13-880,"Pepper, black",1,17-677,"Dips, sour-cream based, reduced fat",10,11-886,"Flour, wheat, white, plain, soft",5
153,Chicken paprikash,"Sautée onions, pepper and tomatoes in oil, add paprika. Add presalted chiken thigh. Add a bit of water to cook. When the chicken is cooked add sour cream mixed with flour to thicken.  ",18-293,"Chicken, leg quarter, raw, meat and skin",80,13-499,"Onions, raw",25,13-318,"Peppers, capsicum, green, raw",10,13-517,"Tomatoes, standard, raw",15,17-045,"Oil, sunflower",10,17-367,Salt,2,13-879,Paprika,5,13-880,"Pepper, black",1,17-677,"Dips, sour-cream based, reduced fat",10,11-886,"Flour, wheat, white, plain, soft",5
154,Roasted chicken thighs,"Marinate chicken for an hour or preferably overnight. Roast chicken thighs in the oven at 180 celsius, for 40 minutes to an hours, depending on size.",18-294,"Chicken, leg quarter, raw, meat and skin, weighed with bone",150,17-367,Salt,2,13-879,Paprika,2,13-830,Garlic powder,1,13-880,"Pepper, black",0.5,17-045,"Oil, sunflower",5,,,,,,,,,,,,
155,Braised liver,"Pork or beef liver, sautéed with onions, garlic and seasoned with paprika, salt, and pepper",18-417,"Liver, pig, raw",80,13-499,"Onions, raw",80,13-244,"Garlic, raw",5,13-879,Paprika,2,13-880,"Pepper, black",0.5,17-041,"Oil, rapeseed",5,,,,,,,,,,,,
156,Grilled pork sausage,"Bake the sausages at 180 celsius for 30 minutes to an hour, depending on size",19-510,"Sausages, pork, raw",100,,,,,,,,,,,,,,,,,,,,,,,,,,,
157,Székely-style cabbage stew,"Sautée the pork in oil, add onions and garlic, sautée for 5 minutes. Add a bit of water if necessary and the sauerkraut, paprika. Cook for 40 minutes or until pork is done. Finish with sour cream.",18-602,"Pork, hand, shoulder joint, raw, lean and fat",80,13-499,"Onions, raw",25,13-244,"Garlic, raw",5,17-045,"Oil, sunflower",10,13-336,Sauerkraut,100,13-879,Paprika,2,17-367,Salt,2,13-880,"Pepper, black",1,17-677,"Dips, sour-cream based, reduced fat",10,,,
158,Hungarin goulash suop,"Sautée the cubes of beef, add the onions. Dust with paprika. Add water and cook for 1 and a half hours. Add the cubes of vegetables and cook until everyhting is done. ",18-003,"Beef, fat, average, raw",80,13-499,"Onions, raw",20,17-045,"Oil, sunflower",10,13-879,Paprika,5,13-489,"Potatoes, old, raw, flesh only",50,13-496,"Carrots, old, raw",30,13-312,"Parsnip, raw",30,17-367,Salt,2,13-219,"Celeriac, raw",30,,,
159,Venison/deer stew,"Render the pork fat, sautée the cubes of meat, add the onions and garlic, sautée for 5 minutes, add tomatoes and peppers. Dust with paprika. Add red wine and water to barely cover and cook for 2 hours or until done. ",18-390,"Venison, meat only, raw",80,13-499,"Onions, raw",25,18-600,"Pork, fat, average, raw",20,13-517,"Tomatoes, standard, raw",20,13-318,"Peppers, capsicum, green, raw",20,17-752,"Wine, red",30,17-367,Salt,2,13-880,"Pepper, black",1,,,,,,
160,Split pea pottage,"Sautée onions and garlic, add bay leaf, paprika, split peas and cover with water. Cook until soft. Mix a bit of water, mustard, flour, salt and add it to thicken and season at the end.",13-499,"Onions, raw",30,13-244,"Garlic, raw",5,13-806,"Bay leaf, dried",1,13-879,Paprika,2,13-089,"Lentils, green and brown, whole, dried, raw",80,17-045,"Oil, sunflower",5,17-364,"Mustard, smooth",5,11-886,"Flour, wheat, white, plain, soft",5,17-367,Salt,1,,,
161,Creamy mushroom risotto,"Sautée shallots and garlic, add the mushrooms. Add rice and white wine, and water, cook the rice ocasionally stirring.",13-342,"Shallots, raw",20,17-045,"Oil, sunflower",5,13-244,"Garlic, raw",5,13-293,"Mushrooms, oyster, raw",50,13-505,"Mushrooms, white, raw",100,11-878,"Rice, white, Italian Arborio risotto, raw",80,17-367,Salt,1,17-755,"Wine, white, dry",30,,,20,,,
162,Pasta salad with fresh vegetables,"Cook pasta in salted water, let cool. Cut cucumber, bell pepper, celery, and tomatoes. Mix everything together, dress with pesto and lemon juice",11-716,"Pasta, white, dried, raw",60,13-523,"Cucumber, raw, flesh and skin",40,13-636,"Celery, raw",40,13-517,"Tomatoes, standard, raw",40,13-670,"Beans, chick peas, canned, re-heated, drained",50,17-622,"Pesto, green",20,14-277,"Lemon juice, fresh",3,17-367,Salt,1,,,,,,
163,Chickpea curry,"Sautée onion, garlic, ginger. Add the curry powder and salt. Add tomatoes and the chickpeas, cook for 10 minutes. ",13-499,"Onions, raw",30,13-244,"Garlic, raw",5,13-890,"Ginger, fresh",5,13-517,"Tomatoes, standard, raw",50,13-670,"Beans, chick peas, canned, re-heated, drained",100,13-876,Curry powder,3,17-367,Salt,1,,,,,,,,,
164,Creamy broccoli pasta with white bean,"Steam broccoli, Sautée onion and garlic, make the sauce by blending steamed broccoli, cashew nuts, soy drink, garlic, onion and nutritional yeast. Cook pasta in salted water. Top with white beans.",13-502,"Broccoli, green, raw",40,14-811,"Cashew nuts, kernel only, plain",10,12-524,"Milk, soya, non-dairy alternative to milk, unsweetened, fortified",10,13-499,"Onions, raw",20,13-244,"Garlic, raw",5,17-517,Yeast extract,5,17-367,Salt,1,11-716,"Pasta, white, dried, raw",80,13-663,"Beans, butter, dried, boiled in unsalted water",50,,,
165,Peanut butter on toast with sour cherries,,11-1136,"Bread, brown, toasted",100,14-892,"Peanut butter, smooth",20,14-382,"Cherries, flesh and skin, raw",50,,,,,,,,,,,,,,,,,,,,,
166,Brussels sprouts and lentil salad,"Bake potatoes and brussels sprouts, cooke lentils, add olive oil, lemon juice, garlic, salt, pepper. ",13-177,"Brussels sprouts, raw",100,13-661,"Lentils, green and brown, whole, dried, boiled in unsalted water",80,13-491,"Potatoes, old, baked, flesh and skin",60,17-038,"Oil, olive",10,13-244,"Garlic, raw",1,14-277,"Lemon juice, fresh",5,17-367,Salt,2,,,,,,,,,
167,Black bean burritos,"Tortillas, black beans, brown rice, avocado, lettuce, tomatoes, lime",11-925,"Tortilla, wheat, soft",80,11-869,"Rice, brown, wholegrain, boiled in unsalted water",60,13-660,"Beans, red kidney, canned in water, re-heated, drained",50,14-039,"Avocado, Fuerte, flesh only",20,13-520,"Lettuce, average, raw",30,13-517,"Tomatoes, standard, raw",20,14-279,"Lime juice, fresh",3,,,,,,,,,
168,Tofu slices,,13-570,"Tofu, soya bean, steamed",100,17-721,"Soy sauce, light and dark varieties",3,,,,,,,,,,,,,,,,,,,,,,,,
169,Tortilla pizza ,"Tortilla, tomato sauce, fried mushrooms, olive oil, garlic, basil, ",11-925,"Tortilla, wheat, soft",100,50-1173,"Tomato sauce, homemade",50,17-038,"Oil, olive",5,13-244,"Garlic, raw",1,13-804,"Basil, fresh",1,13-507,"Mushrooms, white, fried in rapeseed oil",30,,,,,,,,,,,,
170,Potato and white bean salad,Bake potatoes with skin and white beans,13-491,"Potatoes, old, baked, flesh and skin",70,13-514,"Beans, green, raw",70,17-041,"Oil, rapeseed",10,17-367,Salt,1,,,,,,,,,,,,,,,,,,
171,Veggie burger,"Sautée onions and garlic, blend together with black beans, breadcrumbs and spices. Fry in a pan in a bit of sunflower oil.",13-499,"Onions, raw",25,13-244,"Garlic, raw",5,13-063,"Beans, blackeye, whole, dried, boiled in unsalted water",80,11-1136,"Bread, brown, toasted",10,17-367,Salt,1,13-889,Cumin seeds,0.5,13-879,Paprika,1,13-878,"Oregano, dried, ground",1,17-045,"Oil, sunflower",5,,,
172,Baked sweet potatoes,,13-672,"Sweet potato, baked",150,,,,,,,,,,,,,,,,,,,,,,,,,,,
173,Steamed broccoli,,13-504,"Broccoli, green, steamed",80,,,,,,,,,,,,,,,,,,,,,,,,,,,
174,Buddha bowl,"Combine steamed rice, fresh vegetables and crispy tofu in a bowl, add tahini dressing",11-860,"Rice, white, basmati, easy cook, boiled in unsalted water",140,13-448,"Carrots, young, raw",30,14-386,"Avocado, Hass, flesh only",30,13-523,"Cucumber, raw, flesh and skin",50,13-670,"Beans, chick peas, canned, re-heated, drained",50,13-190,"Cabbage, red, raw",30,13-571,"Tofu, soya bean, steamed, fried",70,14-847,Tahini paste,30,,,,,,
175,Cold potato salad,"Peel and boil cubes of potatoes in salted water, let it cool. Soak thin slices of shalllots in ice water, later drain. Mix the mayonnaise, joghurt, mustard, white pepper, lemon juice, salt and sugar. Mix potatoes, shallots and the sauce. Preferably let it sit in the fridge overnight. ",13-489,"Potatoes, old, raw, flesh only",150,13-342,"Shallots, raw",30,17-679,"Mayonnaise, reduced fat",20,12-184,"Yogurt, whole milk, plain",30,17-364,"Mustard, smooth",5,14-277,"Lemon juice, fresh",2,17-063,"Sugar, white",1,13-881,"Pepper, white",0.5,,,,,,
176,Pasta with zakuska and beans,"Boil pasta, then add zacusca and beans",11-716,"Pasta, white, dried, raw",60,13-524,"Pepper, capsicum, red, raw",30,13-669,"Aubergine, flesh and skin, roasted in rapeseed oil",25,13-499,"Onions, raw",10,17-038,"Oil, olive",5,13-530,"Tomatoes, canned, whole contents",30,17-367,Salt,1,13-880,"Pepper, black",0.5,13-663,"Beans, butter, dried, boiled in unsalted water",80,,,
177,Sautéed onions and beans,"Sautée onions, add canned beans and tomatoe sauce",13-499,"Onions, raw",50,13-666,"Beans, cannellini, canned, re-heated, drained",100,13-530,"Tomatoes, canned, whole contents",50,17-045,"Oil, sunflower",10,13-835,"Marjoram, dried",1,17-367,Salt,1,,,,,,,,,,,,
178,"Hungarian cottage cheese spread ""kőrözött""","Cottage cheese spread with paprika, onions and ground cumin",12-539,"Cheese, cottage, plain",80,17-656,"Butter, spreadable, light (60% fat)",10,13-499,"Onions, raw",10,13-879,Paprika,1,13-889,Cumin seeds,1,17-367,Salt,2,,,,,,,,,,,,
179,Creamcheese,,12-541,"Cheese, spreadable, soft white, low fat",50,13-887,"Chives, fresh",2,,,,,,,,,,,,,,,,,,,,,,,,
180,Zucchini and carrot fritters with garlic yogurt,"Squeeze the salted, shredded vegetables, mix them with an egg and flour, then form pattys and fry them in oil. Serve them with savoury yogurt",13-627,"Courgette, raw",70,13-496,"Carrots, old, raw",40,13-489,"Potatoes, old, raw, flesh only",70,13-244,"Garlic, raw",2,12-937,"Eggs, chicken, whole, raw",50,11-886,"Flour, wheat, white, plain, soft",20,12-555,"Yogurt, Greek style, plain",100,13-878,"Oregano, dried, ground",1,17-041,"Oil, rapeseed",10,17-367,Salt,2
181,Beetroot risotto with goat cheese,"Sautée shallots and garlic, add cubes of beetroot. Add rice and white wine, and water, cook the rice ocasionally stirring. Finish with butter. Top with goat cheese.",13-342,"Shallots, raw",20,17-045,"Oil, sunflower",5,13-244,"Garlic, raw",5,13-164,"Beetroot, raw",50,17-661,"Butter, unsalted",10,11-878,"Rice, white, Italian Arborio risotto, raw",80,17-367,Salt,1,17-755,"Wine, white, dry",30,12-357,"Cheese, goats milk, full fat, soft, white rind",20,,,
182,Greek salad,,13-523,"Cucumber, raw, flesh and skin",70,13-517,"Tomatoes, standard, raw",70,13-499,"Onions, raw",50,12-525,"Cheese, Feta",50,14-340,"Olives, green, in brine, drained, flesh and skin",30,17-038,"Oil, olive",5,,,,,,,,,,,,
183,Veggie stir-fry with eggs,"Sautée the vegetables, add leftover rice, and when it's almost done, whisk the eggs in",13-624,"Leeks, raw",30,13-244,"Garlic, raw",1,13-496,"Carrots, old, raw",30,13-502,"Broccoli, green, raw",30,13-318,"Peppers, capsicum, green, raw",30,11-858,"Rice, white, basmati, boiled in unsalted water",60,12-937,"Eggs, chicken, whole, raw",80,,,,,,,,,
184,Turkish eggs,"Mix the yogurt with garlic, salt and peppers, add the soft boiled egg in it, serve it with toast",12-940,"Eggs, chicken, whole, boiled",60,12-555,"Yogurt, Greek style, plain",150,13-244,"Garlic, raw",1,13-879,Paprika,1,17-367,Salt,1,13-880,"Pepper, black",0.5,,,,,,,,,,,,
185,Salad with boiled eggs,"Lettuce, tomatoes, corn, celery sticks, spring onion and hard boiled eggs with a savoury yogurt dressing",13-520,"Lettuce, average, raw",50,13-517,"Tomatoes, standard, raw",50,13-529,"Sweetcorn kernels, canned in water, drained",50,13-636,"Celery, raw",30,13-352,"Spring onions, bulbs and tops, raw",10,12-379,"Yogurt, low fat, plain",30,17-364,"Mustard, smooth",3,14-277,"Lemon juice, fresh",3,17-367,Salt,1,12-940,"Eggs, chicken, whole, boiled",100
186,Salmon filet,,16-486,"Salmon, wild, grilled",120,,,,,,,,,,,,,,,,,,,,,,,,,,,
187,"Chicken skewers with peppers, onion, zucchini",,18-323,"Chicken, breast, grilled without skin, meat only",100,13-627,"Courgette, raw",50,13-318,"Peppers, capsicum, green, raw",40,13-499,"Onions, raw",40,17-367,Salt,2,13-880,"Pepper, black",0.5,,,,,,,,,,,,
188,Roasted chicken wings,,19-652,"Chicken wings, marinated, meat and skin, barbecued, weighed with bone",200,,,,,,,,,,,,,,,,,,,,,,,,,,,
189,Duck rilette,"Sear the duck (preferably duck leg) in the lard, add the spices and the wine. Let the alcohol evaporate. Let slowly cook/confit, until completely tender and it falls of the bone. Remove the bones and shred the meat, pack tightly into jars, pouring the fat on top.",18-371,"Duck, raw, meat, fat and skin",80,17-010,Lard,30,17-755,"Wine, white, dry",10,13-844,"Parsley, fresh",5,13-847,"Pepper, cayenne, ground",0.5,14-369,"Orange juice, freshly squeezed",10,17-367,Salt,2,13-880,"Pepper, black",0.5,,,,,,
190,Frankfurter,,19-495,Frankfurter,100,,,,,,,,,,,,,,,,,,,,,,,,,,,
191,Beef tartare,"Cut the beef into small cubes, mince the rest of the ingredients into very small pieces, mix everything together",18-016,"Beef, fillet steak, raw, lean",80,13-342,"Shallots, raw",10,17-364,"Mustard, smooth",3,13-246,"Gherkins, pickled, drained",5,16-448,"Anchovies, canned in oil, drained",2,12-939,"Eggs, chicken, yolk, raw",20,17-723,Worcestershire sauce,1,13-880,"Pepper, black",0.5,,,,,,
192,Beef and veggie soup,"Simmer the oxtail for 2 hours in water, skim the scum in the beggining. Cut the vegetables into big chucks, add them to the pot with the salt and everything. Cook for an other hour, or until done.",18-419,"Oxtail, raw",80,13-496,"Carrots, old, raw",40,13-219,"Celeriac, raw",40,13-312,"Parsnip, raw",20,13-489,"Potatoes, old, raw, flesh only",20,13-844,"Parsley, fresh",5,13-499,"Onions, raw",20,13-636,"Celery, raw",20,17-367,Salt,2,,,
193,Chili con carne,,19-478,"Chilli con carne, homemade",250,,,,,,,,,,,,,,,,,,,,,,,,,,,
194,Brassói-style fried pork,"Fry small cubes of pork with onions and garlic, seasone with paprika",18-549,"Pork, shoulder joint (collar), raw, lean and fat",100,13-499,"Onions, raw",50,13-244,"Garlic, raw",1,17-367,Salt,1,13-880,"Pepper, black",0.5,17-045,"Oil, sunflower",10,,,,,,,,,,,,
195,Bacon wrapped asparagus,,13-639,"Asparagus, grilled",120,19-018,"Bacon rashers, streaky, grilled",50,,,,,,,,,,,,,,,,,,,,,,,,
196,Couscous,,11-902,"Couscous, plain, cooked",150,,,,,,,,,,,,,,,,,,,,,,,,,,,
197,Roasted mushrooms,"Panfry mushrooms in oil, season with garlic powder",13-505,"Mushrooms, white, raw",60,13-830,Garlic powder,1,17-367,Salt,1,13-880,"Pepper, black",0.5,,,,,,,,,,,,,,,,,,
198,Sauerkraut,,13-336,Sauerkraut,60,,,,,,,,,,,,,,,,,,,,,,,,,,,
199,Bulgur salad,Cooked bulgur with fresh vegetables and herbs,11-904,"Wheat, bulgur, raw",60,13-523,"Cucumber, raw, flesh and skin",40,13-519,"Tomatoes, cherry, raw",40,13-526,"Pepper, capsicum, yellow, raw",40,13-844,"Parsley, fresh",1,17-367,Salt,1,,,,,,,,,,,,
200,Tzatziki,"Squeeze the salted and shredded cucumber, then mix it with yogurt and spices",13-523,"Cucumber, raw, flesh and skin",100,12-555,"Yogurt, Greek style, plain",50,13-824,"Dill, fresh",1,13-244,"Garlic, raw",1,13-880,"Pepper, black",0.5,,,,,,,,,,,,,,,
201,Liver pâté,"Sauteé onion and garlic in butter, add the livers, white wine, marjoram and bay leaf. Cook until done. Add salt and black pepper. Take out the bay leaf and blend until smooth. Add water if too thick.",18-411,"Liver, chicken, raw",60,13-499,"Onions, raw",30,13-244,"Garlic, raw",5,17-661,"Butter, unsalted",20,13-835,"Marjoram, dried",1,17-367,Salt,1,13-880,"Pepper, black",0.5,13-806,"Bay leaf, dried",1,17-755,"Wine, white, dry",20,,,
202,Sautéed vegetables,,13-161,"Aubergine, raw",60,13-499,"Onions, raw",10,13-502,"Broccoli, green, raw",30,13-448,"Carrots, young, raw",30,13-244,"Garlic, raw",1,17-367,Salt,1,17-041,"Oil, rapeseed",10,,,,,,,,,
203,Lentil pottage,"Sautée onions and garlic, add bay leaf, paprika, lentils and cover with water. Cook until lentils are soft. Mix a bit of water, mustard, flour, salt and add it to thicken and season at the end.",13-499,"Onions, raw",30,13-244,"Garlic, raw",5,13-806,"Bay leaf, dried",1,13-879,Paprika,2,13-089,"Lentils, green and brown, whole, dried, raw",80,17-045,"Oil, sunflower",5,17-364,"Mustard, smooth",5,11-886,"Flour, wheat, white, plain, soft",5,17-367,Salt,1,,,
204,Spaghetti bolognese ,Spaghetti with minced meat ragu,19-628,"Spaghetti bolognese, homemade",200,,,,,,,,,,,,,,,,,,,,,,,,,,,
205,Mushroom stew,Onion and paprika based mushroom stew ,13-505,"Mushrooms, white, raw",200,13-499,"Onions, raw",30,17-045,"Oil, sunflower",10,13-879,Paprika,2,13-517,"Tomatoes, standard, raw",20,13-526,"Pepper, capsicum, yellow, raw",10,17-367,Salt,2,,,,,,,,,
206,Chicken breast in breadcrumb,Bread the chicken breast in flour then beaten egg then breadcrumbs. Deep fry at 180 celsius in oil until golden brown.,18-326,"Chicken, breast, strips, stir-fried in corn oil",120,,,,,,,,,,,,,,,,,,,,,,,,,,,
207,Roasted duck breast,"Salt the duck breasts, let them sit for 30 minutes. Sear the duck breast in a pan, then finish in the oven at 150c for 8 minutes (or longer for well-done), let it rest for 5 minutes before eating. Shred red cabbage and apples, sautée onions, add the apple and cabbage. Add balsamic vinegar, salt and carawaz seeds, cook on low heat covered for an hour.",18-371,"Duck, raw, meat, fat and skin",100,13-190,"Cabbage, red, raw",150,14-362,"Apples, cooking, raw, flesh only, peeled",50,17-045,"Oil, sunflower",5,13-499,"Onions, raw",30,17-367,Salt,1,13-808,Caraway seeds,1,17-339,Vinegar,5,,,,,,
208,Tofu and vegetables stirfry,"Cut the vegetables into strips or small pieces, stir-fry on oil, add the tofu, stir-fry a bit more. Mix soy sauce, honey, sesame seeds, garlic, ginger, water and corn starch. Add to the pan and finish.",13-496,"Carrots, old, raw",30,13-502,"Broccoli, green, raw",30,13-317,"Peppers, capsicum, chilli, red, raw",10,13-890,"Ginger, fresh",3,13-499,"Onions, raw",30,13-667,"Beans, edamame, frozen, boiled in unsalted water",30,13-627,"Courgette, raw",30,13-570,"Tofu, soya bean, steamed",80,17-721,"Soy sauce, light and dark varieties",10,17-050,Honey,5
209,Shaksuka,"Sautée the vegetables for 10 minutes in oil, add the spices then add the tomatoes, cook for an other 5 minutes. Crack eggs into the sauce, cover and let cook until eggs are desired doneness. ",13-499,"Onions, raw",30,13-318,"Peppers, capsicum, green, raw",30,13-317,"Peppers, capsicum, chilli, red, raw",30,13-517,"Tomatoes, standard, raw",50,13-879,Paprika,2,13-889,Cumin seeds,1,13-830,Garlic powder,1,17-367,Salt,1,12-937,"Eggs, chicken, whole, raw",100,,,
210,Warm quinoa salad,"Bake the root vegetables, cook the quinoa, add beans, place them into a bowl, top with walnut and sesame seeds",13-164,"Beetroot, raw",50,13-448,"Carrots, young, raw",70,13-491,"Potatoes, old, baked, flesh and skin",50,14-843,"Quinoa, raw",40,13-559,"Beans, butter, canned, re-heated, drained",50,14-879,"Walnuts, kernel only",10,14-844,Sesame seeds,10,17-367,Salt,2,,,,,,
211,"Tortilla wrap filled with egg, goat cheese, rocket salad and tomato","Scramble eggs, add everything inside the tortilla",12-963,"Eggs, chicken, whole, scrambled, without milk",100,12-357,"Cheese, goats milk, full fat, soft, white rind",30,13-522,"Rocket, raw",20,13-519,"Tomatoes, cherry, raw",30,,,,,,,,,,,,,,,,,,
212,Almond,,14-896,"Almonds, whole kernels",30,,,,,,,,,,,,,,,,,,,,,,,,,,,
213,Hard cheese,,12-493,"Cheese, Emmental",40,,,,,,,,,,,,,,,,,,,,,,,,,,,
214,Blueberry smoothie,Blend everything,14-318,"Bananas, flesh only",120,14-325,Blueberries,50,13-521,"Spinach, baby, raw",20,12-523,"Milk, soya, non-dairy alternative to milk, sweetened, fortified",150,14-811,"Cashew nuts, kernel only, plain",15,,,,,,,,,,,,,,,
215,"Radish, red",,13-656,"Radish, red, flesh and skin, raw",60,,,,,,,,,,,,,,,,,,,,,,,,,,,
216,Frittata with courgette and potatoes,"Sautée onions, potatoes and zucchini, add the mixed eggs cook until done. ",13-499,"Onions, raw",30,13-627,"Courgette, raw",50,13-489,"Potatoes, old, raw, flesh only",50,12-963,"Eggs, chicken, whole, scrambled, without milk",100,17-045,"Oil, sunflower",5,17-367,Salt,1,,,,,,,,,,,,
217,White bread,,11-1145,"Bread, white, average",80,,,,,,,,,,,,,,,,,,,,,,,,,,,
218,Cucumber salad,"Cut thin slices of small cucumbers, mix vinegar and sugar with water and add the cucumber. Serve it with paprika",13-523,"Cucumber, raw, flesh and skin",100,17-339,Vinegar,5,17-063,"Sugar, white",8,13-879,Paprika,1,,,,,,,,,,,,,,,,,,
219,Brown bread,,11-971,"Bread, brown, average",80,,,,,,,,,,,,,,,,,,,,,,,,,,,
220,Tomatoes,,13-517,"Tomatoes, standard, raw",100,,,,,,,,,,,,,,,,,,,,,,,,,,,
221,Braised red cabbage and apple,,15-705,"Cabbage, red, cooked with apple",200,,,,,,,,,,,,,,,,,,,,,,,,,,,
222,Steamed carrot and peas,,13-448,"Carrots, young, raw",50,13-438,"Peas, raw",50,17-045,"Oil, sunflower",5,,,,,,,,,,,,,,,,,,,,,
223,,,,,,,,,,,,,,,,,,,,,,,,,,,,,,,,
224,,,,,,,,,,,,,,,,,,,,,,,,,,,,,,,,
225,,,,,,,,,,,,,,,,,,,,,,,,,,,,,,,,
226,,,,,,,,,,,,,,,,,,,,,,,,,,,,,,,,
227,,,,,,,,,,,,,,,,,,,,,,,,,,,,,,,,
228,,,,,,,,,,,,,,,,,,,,,,,,,,,,,,,,
229,,,,,,,,,,,,,,,,,,,,,,,,,,,,,,,,
230,,,,,,,,,,,,,,,,,,,,,,,,,,,,,,,,
231,,,,,,,,,,,,,,,,,,,,,,,,,,,,,,,,
232,,,,,,,,,,,,,,,,,,,,,,,,,,,,,,,,
233,,,,,,,,,,,,,,,,,,,,,,,,,,,,,,,,
234,,,,,,,,,,,,,,,,,,,,,,,,,,,,,,,,
235,,,,,,,,,,,,,,,,,,,,,,,,,,,,,,,,
236,,,,,,,,,,,,,,,,,,,,,,,,,,,,,,,,
237,,,,,,,,,,,,,,,,,,,,,,,,,,,,,,,,
238,,,,,,,,,,,,,,,,,,,,,,,,,,,,,,,,
239,,,,,,,,,,,,,,,,,,,,,,,,,,,,,,,,
240,,,,,,,,,,,,,,,,,,,,,,,,,,,,,,,,
241,,,,,,,,,,,,,,,,,,,,,,,,,,,,,,,,
242,,,,,,,,,,,,,,,,,,,,,,,,,,,,,,,,
243,,,,,,,,,,,,,,,,,,,,,,,,,,,,,,,,
244,,,,,,,,,,,,,,,,,,,,,,,,,,,,,,,,
245,,,,,,,,,,,,,,,,,,,,,,,,,,,,,,,,
246,,,,,,,,,,,,,,,,,,,,,,,,,,,,,,,,
247,,,,,,,,,,,,,,,,,,,,,,,,,,,,,,,,
248,,,,,,,,,,,,,,,,,,,,,,,,,,,,,,,,
249,,,,,,,,,,,,,,,,,,,,,,,,,,,,,,,,
250,,,,,,,,,,,,,,,,,,,,,,,,,,,,,,,,
251,,,,,,,,,,,,,,,,,,,,,,,,,,,,,,,,
252,,,,,,,,,,,,,,,,,,,,,,,,,,,,,,,,
253,,,,,,,,,,,,,,,,,,,,,,,,,,,,,,,,
254,,,,,,,,,,,,,,,,,,,,,,,,,,,,,,,,
255,,,,,,,,,,,,,,,,,,,,,,,,,,,,,,,,
256,,,,,,,,,,,,,,,,,,,,,,,,,,,,,,,,
257,,,,,,,,,,,,,,,,,,,,,,,,,,,,,,,,
258,,,,,,,,,,,,,,,,,,,,,,,,,,,,,,,,
259,,,,,,,,,,,,,,,,,,,,,,,,,,,,,,,,
260,,,,,,,,,,,,,,,,,,,,,,,,,,,,,,,,
261,,,,,,,,,,,,,,,,,,,,,,,,,,,,,,,,
262,,,,,,,,,,,,,,,,,,,,,,,,,,,,,,,,
263,,,,,,,,,,,,,,,,,,,,,,,,,,,,,,,,
264,,,,,,,,,,,,,,,,,,,,,,,,,,,,,,,,
265,,,,,,,,,,,,,,,,,,,,,,,,,,,,,,,,
266,,,,,,,,,,,,,,,,,,,,,,,,,,,,,,,,
267,,,,,,,,,,,,,,,,,,,,,,,,,,,,,,,,
268,,,,,,,,,,,,,,,,,,,,,,,,,,,,,,,,
269,,,,,,,,,,,,,,,,,,,,,,,,,,,,,,,,
270,,,,,,,,,,,,,,,,,,,,,,,,,,,,,,,,
271,,,,,,,,,,,,,,,,,,,,,,,,,,,,,,,,
272,,,,,,,,,,,,,,,,,,,,,,,,,,,,,,,,
273,,,,,,,,,,,,,,,,,,,,,,,,,,,,,,,,
274,,,,,,,,,,,,,,,,,,,,,,,,,,,,,,,,
275,,,,,,,,,,,,,,,,,,,,,,,,,,,,,,,,
276,,,,,,,,,,,,,,,,,,,,,,,,,,,,,,,,
277,,,,,,,,,,,,,,,,,,,,,,,,,,,,,,,,
278,,,,,,,,,,,,,,,,,,,,,,,,,,,,,,,,
279,,,,,,,,,,,,,,,,,,,,,,,,,,,,,,,,
280,,,,,,,,,,,,,,,,,,,,,,,,,,,,,,,,
281,,,,,,,,,,,,,,,,,,,,,,,,,,,,,,,,
282,,,,,,,,,,,,,,,,,,,,,,,,,,,,,,,,
283,,,,,,,,,,,,,,,,,,,,,,,,,,,,,,,,
284,,,,,,,,,,,,,,,,,,,,,,,,,,,,,,,,
285,,,,,,,,,,,,,,,,,,,,,,,,,,,,,,,,
286,,,,,,,,,,,,,,,,,,,,,,,,,,,,,,,,
287,,,,,,,,,,,,,,,,,,,,,,,,,,,,,,,,
288,,,,,,,,,,,,,,,,,,,,,,,,,,,,,,,,
289,,,,,,,,,,,,,,,,,,,,,,,,,,,,,,,,
290,,,,,,,,,,,,,,,,,,,,,,,,,,,,,,,,
291,,,,,,,,,,,,,,,,,,,,,,,,,,,,,,,,
292,,,,,,,,,,,,,,,,,,,,,,,,,,,,,,,,
293,,,,,,,,,,,,,,,,,,,,,,,,,,,,,,,,
294,,,,,,,,,,,,,,,,,,,,,,,,,,,,,,,,
295,,,,,,,,,,,,,,,,,,,,,,,,,,,,,,,,
296,,,,,,,,,,,,,,,,,,,,,,,,,,,,,,,,
297,,,,,,,,,,,,,,,,,,,,,,,,,,,,,,,,
298,,,,,,,,,,,,,,,,,,,,,,,,,,,,,,,,
299,,,,,,,,,,,,,,,,,,,,,,,,,,,,,,,,
300,,,,,,,,,,,,,,,,,,,,,,,,,,,,,,,,
301,,,,,,,,,,,,,,,,,,,,,,,,,,,,,,,,
302,,,,,,,,,,,,,,,,,,,,,,,,,,,,,,,,
303,,,,,,,,,,,,,,,,,,,,,,,,,,,,,,,,
304,,,,,,,,,,,,,,,,,,,,,,,,,,,,,,,,
305,,,,,,,,,,,,,,,,,,,,,,,,,,,,,,,,
306,,,,,,,,,,,,,,,,,,,,,,,,,,,,,,,,
307,,,,,,,,,,,,,,,,,,,,,,,,,,,,,,,,
308,,,,,,,,,,,,,,,,,,,,,,,,,,,,,,,,
309,,,,,,,,,,,,,,,,,,,,,,,,,,,,,,,,
310,,,,,,,,,,,,,,,,,,,,,,,,,,,,,,,,
311,,,,,,,,,,,,,,,,,,,,,,,,,,,,,,,,
312,,,,,,,,,,,,,,,,,,,,,,,,,,,,,,,,
313,,,,,,,,,,,,,,,,,,,,,,,,,,,,,,,,
314,,,,,,,,,,,,,,,,,,,,,,,,,,,,,,,,
315,,,,,,,,,,,,,,,,,,,,,,,,,,,,,,,,
316,,,,,,,,,,,,,,,,,,,,,,,,,,,,,,,,
317,,,,,,,,,,,,,,,,,,,,,,,,,,,,,,,,
318,,,,,,,,,,,,,,,,,,,,,,,,,,,,,,,,
319,,,,,,,,,,,,,,,,,,,,,,,,,,,,,,,,
320,,,,,,,,,,,,,,,,,,,,,,,,,,,,,,,,
321,,,,,,,,,,,,,,,,,,,,,,,,,,,,,,,,
322,,,,,,,,,,,,,,,,,,,,,,,,,,,,,,,,
323,,,,,,,,,,,,,,,,,,,,,,,,,,,,,,,,
324,,,,,,,,,,,,,,,,,,,,,,,,,,,,,,,,
325,,,,,,,,,,,,,,,,,,,,,,,,,,,,,,,,
326,,,,,,,,,,,,,,,,,,,,,,,,,,,,,,,,
327,,,,,,,,,,,,,,,,,,,,,,,,,,,,,,,,
328,,,,,,,,,,,,,,,,,,,,,,,,,,,,,,,,
329,,,,,,,,,,,,,,,,,,,,,,,,,,,,,,,,
330,,,,,,,,,,,,,,,,,,,,,,,,,,,,,,,,
331,,,,,,,,,,,,,,,,,,,,,,,,,,,,,,,,
332,,,,,,,,,,,,,,,,,,,,,,,,,,,,,,,,
333,,,,,,,,,,,,,,,,,,,,,,,,,,,,,,,,
334,,,,,,,,,,,,,,,,,,,,,,,,,,,,,,,,
335,,,,,,,,,,,,,,,,,,,,,,,,,,,,,,,,
336,,,,,,,,,,,,,,,,,,,,,,,,,,,,,,,,
337,,,,,,,,,,,,,,,,,,,,,,,,,,,,,,,,
338,,,,,,,,,,,,,,,,,,,,,,,,,,,,,,,,
339,,,,,,,,,,,,,,,,,,,,,,,,,,,,,,,,
340,,,,,,,,,,,,,,,,,,,,,,,,,,,,,,,,
341,,,,,,,,,,,,,,,,,,,,,,,,,,,,,,,,
342,,,,,,,,,,,,,,,,,,,,,,,,,,,,,,,,
343,,,,,,,,,,,,,,,,,,,,,,,,,,,,,,,,
344,,,,,,,,,,,,,,,,,,,,,,,,,,,,,,,,
345,,,,,,,,,,,,,,,,,,,,,,,,,,,,,,,,
346,,,,,,,,,,,,,,,,,,,,,,,,,,,,,,,,
347,,,,,,,,,,,,,,,,,,,,,,,,,,,,,,,,
348,,,,,,,,,,,,,,,,,,,,,,,,,,,,,,,,
349,,,,,,,,,,,,,,,,,,,,,,,,,,,,,,,,
350,,,,,,,,,,,,,,,,,,,,,,,,,,,,,,,,
351,,,,,,,,,,,,,,,,,,,,,,,,,,,,,,,,
352,,,,,,,,,,,,,,,,,,,,,,,,,,,,,,,,
353,,,,,,,,,,,,,,,,,,,,,,,,,,,,,,,,
354,,,,,,,,,,,,,,,,,,,,,,,,,,,,,,,,
355,,,,,,,,,,,,,,,,,,,,,,,,,,,,,,,,
356,,,,,,,,,,,,,,,,,,,,,,,,,,,,,,,,
357,,,,,,,,,,,,,,,,,,,,,,,,,,,,,,,,
358,,,,,,,,,,,,,,,,,,,,,,,,,,,,,,,,
359,,,,,,,,,,,,,,,,,,,,,,,,,,,,,,,,
360,,,,,,,,,,,,,,,,,,,,,,,,,,,,,,,,
361,,,,,,,,,,,,,,,,,,,,,,,,,,,,,,,,
362,,,,,,,,,,,,,,,,,,,,,,,,,,,,,,,,
363,,,,,,,,,,,,,,,,,,,,,,,,,,,,,,,,
364,,,,,,,,,,,,,,,,,,,,,,,,,,,,,,,,
365,,,,,,,,,,,,,,,,,,,,,,,,,,,,,,,,
366,,,,,,,,,,,,,,,,,,,,,,,,,,,,,,,,
367,,,,,,,,,,,,,,,,,,,,,,,,,,,,,,,,
368,,,,,,,,,,,,,,,,,,,,,,,,,,,,,,,,
369,,,,,,,,,,,,,,,,,,,,,,,,,,,,,,,,
370,,,,,,,,,,,,,,,,,,,,,,,,,,,,,,,,
371,,,,,,,,,,,,,,,,,,,,,,,,,,,,,,,,
372,,,,,,,,,,,,,,,,,,,,,,,,,,,,,,,,
373,,,,,,,,,,,,,,,,,,,,,,,,,,,,,,,,
374,,,,,,,,,,,,,,,,,,,,,,,,,,,,,,,,
375,,,,,,,,,,,,,,,,,,,,,,,,,,,,,,,,
376,,,,,,,,,,,,,,,,,,,,,,,,,,,,,,,,
377,,,,,,,,,,,,,,,,,,,,,,,,,,,,,,,,
378,,,,,,,,,,,,,,,,,,,,,,,,,,,,,,,,
379,,,,,,,,,,,,,,,,,,,,,,,,,,,,,,,,
380,,,,,,,,,,,,,,,,,,,,,,,,,,,,,,,,
381,,,,,,,,,,,,,,,,,,,,,,,,,,,,,,,,
382,,,,,,,,,,,,,,,,,,,,,,,,,,,,,,,,
383,,,,,,,,,,,,,,,,,,,,,,,,,,,,,,,,
384,,,,,,,,,,,,,,,,,,,,,,,,,,,,,,,,
385,,,,,,,,,,,,,,,,,,,,,,,,,,,,,,,,
386,,,,,,,,,,,,,,,,,,,,,,,,,,,,,,,,
387,,,,,,,,,,,,,,,,,,,,,,,,,,,,,,,,
388,,,,,,,,,,,,,,,,,,,,,,,,,,,,,,,,
389,,,,,,,,,,,,,,,,,,,,,,,,,,,,,,,,
390,,,,,,,,,,,,,,,,,,,,,,,,,,,,,,,,
391,,,,,,,,,,,,,,,,,,,,,,,,,,,,,,,,
392,,,,,,,,,,,,,,,,,,,,,,,,,,,,,,,,
393,,,,,,,,,,,,,,,,,,,,,,,,,,,,,,,,
394,,,,,,,,,,,,,,,,,,,,,,,,,,,,,,,,
395,,,,,,,,,,,,,,,,,,,,,,,,,,,,,,,,
396,,,,,,,,,,,,,,,,,,,,,,,,,,,,,,,,
397,,,,,,,,,,,,,,,,,,,,,,,,,,,,,,,,
398,,,,,,,,,,,,,,,,,,,,,,,,,,,,,,,,
399,,,,,,,,,,,,,,,,,,,,,,,,,,,,,,,,
400,,,,,,,,,,,,,,,,,,,,,,,,,,,,,,,,
401,,,,,,,,,,,,,,,,,,,,,,,,,,,,,,,,
402,,,,,,,,,,,,,,,,,,,,,,,,,,,,,,,,
403,,,,,,,,,,,,,,,,,,,,,,,,,,,,,,,,
404,,,,,,,,,,,,,,,,,,,,,,,,,,,,,,,,
405,,,,,,,,,,,,,,,,,,,,,,,,,,,,,,,,
406,,,,,,,,,,,,,,,,,,,,,,,,,,,,,,,,
407,,,,,,,,,,,,,,,,,,,,,,,,,,,,,,,,
408,,,,,,,,,,,,,,,,,,,,,,,,,,,,,,,,
409,,,,,,,,,,,,,,,,,,,,,,,,,,,,,,,,
410,,,,,,,,,,,,,,,,,,,,,,,,,,,,,,,,
411,,,,,,,,,,,,,,,,,,,,,,,,,,,,,,,,
412,,,,,,,,,,,,,,,,,,,,,,,,,,,,,,,,
413,,,,,,,,,,,,,,,,,,,,,,,,,,,,,,,,
414,,,,,,,,,,,,,,,,,,,,,,,,,,,,,,,,
415,,,,,,,,,,,,,,,,,,,,,,,,,,,,,,,,
416,,,,,,,,,,,,,,,,,,,,,,,,,,,,,,,,
417,,,,,,,,,,,,,,,,,,,,,,,,,,,,,,,,
418,,,,,,,,,,,,,,,,,,,,,,,,,,,,,,,,
419,,,,,,,,,,,,,,,,,,,,,,,,,,,,,,,,
420,,,,,,,,,,,,,,,,,,,,,,,,,,,,,,,,
421,,,,,,,,,,,,,,,,,,,,,,,,,,,,,,,,
422,,,,,,,,,,,,,,,,,,,,,,,,,,,,,,,,
423,,,,,,,,,,,,,,,,,,,,,,,,,,,,,,,,
424,,,,,,,,,,,,,,,,,,,,,,,,,,,,,,,,
425,,,,,,,,,,,,,,,,,,,,,,,,,,,,,,,,
426,,,,,,,,,,,,,,,,,,,,,,,,,,,,,,,,
427,,,,,,,,,,,,,,,,,,,,,,,,,,,,,,,,
428,,,,,,,,,,,,,,,,,,,,,,,,,,,,,,,,
429,,,,,,,,,,,,,,,,,,,,,,,,,,,,,,,,
430,,,,,,,,,,,,,,,,,,,,,,,,,,,,,,,,
431,,,,,,,,,,,,,,,,,,,,,,,,,,,,,,,,
432,,,,,,,,,,,,,,,,,,,,,,,,,,,,,,,,
433,,,,,,,,,,,,,,,,,,,,,,,,,,,,,,,,
434,,,,,,,,,,,,,,,,,,,,,,,,,,,,,,,,
435,,,,,,,,,,,,,,,,,,,,,,,,,,,,,,,,
436,,,,,,,,,,,,,,,,,,,,,,,,,,,,,,,,
437,,,,,,,,,,,,,,,,,,,,,,,,,,,,,,,,
438,,,,,,,,,,,,,,,,,,,,,,,,,,,,,,,,
439,,,,,,,,,,,,,,,,,,,,,,,,,,,,,,,,
440,,,,,,,,,,,,,,,,,,,,,,,,,,,,,,,,
441,,,,,,,,,,,,,,,,,,,,,,,,,,,,,,,,
442,,,,,,,,,,,,,,,,,,,,,,,,,,,,,,,,
443,,,,,,,,,,,,,,,,,,,,,,,,,,,,,,,,
444,,,,,,,,,,,,,,,,,,,,,,,,,,,,,,,,
445,,,,,,,,,,,,,,,,,,,,,,,,,,,,,,,,
446,,,,,,,,,,,,,,,,,,,,,,,,,,,,,,,,
447,,,,,,,,,,,,,,,,,,,,,,,,,,,,,,,,
448,,,,,,,,,,,,,,,,,,,,,,,,,,,,,,,,
449,,,,,,,,,,,,,,,,,,,,,,,,,,,,,,,,
450,,,,,,,,,,,,,,,,,,,,,,,,,,,,,,,,
451,,,,,,,,,,,,,,,,,,,,,,,,,,,,,,,,
452,,,,,,,,,,,,,,,,,,,,,,,,,,,,,,,,
453,,,,,,,,,,,,,,,,,,,,,,,,,,,,,,,,
454,,,,,,,,,,,,,,,,,,,,,,,,,,,,,,,,
455,,,,,,,,,,,,,,,,,,,,,,,,,,,,,,,,
456,,,,,,,,,,,,,,,,,,,,,,,,,,,,,,,,
457,,,,,,,,,,,,,,,,,,,,,,,,,,,,,,,,
458,,,,,,,,,,,,,,,,,,,,,,,,,,,,,,,,
459,,,,,,,,,,,,,,,,,,,,,,,,,,,,,,,,
460,,,,,,,,,,,,,,,,,,,,,,,,,,,,,,,,
461,,,,,,,,,,,,,,,,,,,,,,,,,,,,,,,,
462,,,,,,,,,,,,,,,,,,,,,,,,,,,,,,,,
463,,,,,,,,,,,,,,,,,,,,,,,,,,,,,,,,
464,,,,,,,,,,,,,,,,,,,,,,,,,,,,,,,,
465,,,,,,,,,,,,,,,,,,,,,,,,,,,,,,,,
466,,,,,,,,,,,,,,,,,,,,,,,,,,,,,,,,
467,,,,,,,,,,,,,,,,,,,,,,,,,,,,,,,,
468,,,,,,,,,,,,,,,,,,,,,,,,,,,,,,,,
469,,,,,,,,,,,,,,,,,,,,,,,,,,,,,,,,
470,,,,,,,,,,,,,,,,,,,,,,,,,,,,,,,,
471,,,,,,,,,,,,,,,,,,,,,,,,,,,,,,,,
472,,,,,,,,,,,,,,,,,,,,,,,,,,,,,,,,
473,,,,,,,,,,,,,,,,,,,,,,,,,,,,,,,,
474,,,,,,,,,,,,,,,,,,,,,,,,,,,,,,,,
475,,,,,,,,,,,,,,,,,,,,,,,,,,,,,,,,
476,,,,,,,,,,,,,,,,,,,,,,,,,,,,,,,,
477,,,,,,,,,,,,,,,,,,,,,,,,,,,,,,,,
478,,,,,,,,,,,,,,,,,,,,,,,,,,,,,,,,
479,,,,,,,,,,,,,,,,,,,,,,,,,,,,,,,,
480,,,,,,,,,,,,,,,,,,,,,,,,,,,,,,,,
481,,,,,,,,,,,,,,,,,,,,,,,,,,,,,,,,
482,,,,,,,,,,,,,,,,,,,,,,,,,,,,,,,,
483,,,,,,,,,,,,,,,,,,,,,,,,,,,,,,,,
484,,,,,,,,,,,,,,,,,,,,,,,,,,,,,,,,
485,,,,,,,,,,,,,,,,,,,,,,,,,,,,,,,,
486,,,,,,,,,,,,,,,,,,,,,,,,,,,,,,,,
487,,,,,,,,,,,,,,,,,,,,,,,,,,,,,,,,
488,,,,,,,,,,,,,,,,,,,,,,,,,,,,,,,,
489,,,,,,,,,,,,,,,,,,,,,,,,,,,,,,,,
490,,,,,,,,,,,,,,,,,,,,,,,,,,,,,,,,
491,,,,,,,,,,,,,,,,,,,,,,,,,,,,,,,,
492,,,,,,,,,,,,,,,,,,,,,,,,,,,,,,,,
493,,,,,,,,,,,,,,,,,,,,,,,,,,,,,,,,
494,,,,,,,,,,,,,,,,,,,,,,,,,,,,,,,,
495,,,,,,,,,,,,,,,,,,,,,,,,,,,,,,,,
496,,,,,,,,,,,,,,,,,,,,,,,,,,,,,,,,
497,,,,,,,,,,,,,,,,,,,,,,,,,,,,,,,,
498,,,,,,,,,,,,,,,,,,,,,,,,,,,,,,,,
499,,,,,,,,,,,,,,,,,,,,,,,,,,,,,,,,
500,,,,,,,,,,,,,,,,,,,,,,,,,,,,,,,,
501,,,,,,,,,,,,,,,,,,,,,,,,,,,,,,,,
502,,,,,,,,,,,,,,,,,,,,,,,,,,,,,,,,
503,,,,,,,,,,,,,,,,,,,,,,,,,,,,,,,,
504,,,,,,,,,,,,,,,,,,,,,,,,,,,,,,,,
505,,,,,,,,,,,,,,,,,,,,,,,,,,,,,,,,
506,,,,,,,,,,,,,,,,,,,,,,,,,,,,,,,,
507,,,,,,,,,,,,,,,,,,,,,,,,,,,,,,,,
508,,,,,,,,,,,,,,,,,,,,,,,,,,,,,,,,
509,,,,,,,,,,,,,,,,,,,,,,,,,,,,,,,,
510,,,,,,,,,,,,,,,,,,,,,,,,,,,,,,,,
511,,,,,,,,,,,,,,,,,,,,,,,,,,,,,,,,
512,,,,,,,,,,,,,,,,,,,,,,,,,,,,,,,,
513,,,,,,,,,,,,,,,,,,,,,,,,,,,,,,,,
514,,,,,,,,,,,,,,,,,,,,,,,,,,,,,,,,
515,,,,,,,,,,,,,,,,,,,,,,,,,,,,,,,,
516,,,,,,,,,,,,,,,,,,,,,,,,,,,,,,,,
517,,,,,,,,,,,,,,,,,,,,,,,,,,,,,,,,
518,,,,,,,,,,,,,,,,,,,,,,,,,,,,,,,,
519,,,,,,,,,,,,,,,,,,,,,,,,,,,,,,,,
520,,,,,,,,,,,,,,,,,,,,,,,,,,,,,,,,
521,,,,,,,,,,,,,,,,,,,,,,,,,,,,,,,,
522,,,,,,,,,,,,,,,,,,,,,,,,,,,,,,,,
523,,,,,,,,,,,,,,,,,,,,,,,,,,,,,,,,
524,,,,,,,,,,,,,,,,,,,,,,,,,,,,,,,,
525,,,,,,,,,,,,,,,,,,,,,,,,,,,,,,,,
526,,,,,,,,,,,,,,,,,,,,,,,,,,,,,,,,
527,,,,,,,,,,,,,,,,,,,,,,,,,,,,,,,,
528,,,,,,,,,,,,,,,,,,,,,,,,,,,,,,,,
529,,,,,,,,,,,,,,,,,,,,,,,,,,,,,,,,
530,,,,,,,,,,,,,,,,,,,,,,,,,,,,,,,,
531,,,,,,,,,,,,,,,,,,,,,,,,,,,,,,,,
532,,,,,,,,,,,,,,,,,,,,,,,,,,,,,,,,
533,,,,,,,,,,,,,,,,,,,,,,,,,,,,,,,,
534,,,,,,,,,,,,,,,,,,,,,,,,,,,,,,,,
535,,,,,,,,,,,,,,,,,,,,,,,,,,,,,,,,
536,,,,,,,,,,,,,,,,,,,,,,,,,,,,,,,,
537,,,,,,,,,,,,,,,,,,,,,,,,,,,,,,,,
538,,,,,,,,,,,,,,,,,,,,,,,,,,,,,,,,
539,,,,,,,,,,,,,,,,,,,,,,,,,,,,,,,,
540,,,,,,,,,,,,,,,,,,,,,,,,,,,,,,,,
541,,,,,,,,,,,,,,,,,,,,,,,,,,,,,,,,
542,,,,,,,,,,,,,,,,,,,,,,,,,,,,,,,,
543,,,,,,,,,,,,,,,,,,,,,,,,,,,,,,,,
544,,,,,,,,,,,,,,,,,,,,,,,,,,,,,,,,
545,,,,,,,,,,,,,,,,,,,,,,,,,,,,,,,,
546,,,,,,,,,,,,,,,,,,,,,,,,,,,,,,,,
547,,,,,,,,,,,,,,,,,,,,,,,,,,,,,,,,
548,,,,,,,,,,,,,,,,,,,,,,,,,,,,,,,,
549,,,,,,,,,,,,,,,,,,,,,,,,,,,,,,,,
550,,,,,,,,,,,,,,,,,,,,,,,,,,,,,,,,
551,,,,,,,,,,,,,,,,,,,,,,,,,,,,,,,,
552,,,,,,,,,,,,,,,,,,,,,,,,,,,,,,,,
553,,,,,,,,,,,,,,,,,,,,,,,,,,,,,,,,
554,,,,,,,,,,,,,,,,,,,,,,,,,,,,,,,,
555,,,,,,,,,,,,,,,,,,,,,,,,,,,,,,,,
556,,,,,,,,,,,,,,,,,,,,,,,,,,,,,,,,
557,,,,,,,,,,,,,,,,,,,,,,,,,,,,,,,,
558,,,,,,,,,,,,,,,,,,,,,,,,,,,,,,,,
559,,,,,,,,,,,,,,,,,,,,,,,,,,,,,,,,
560,,,,,,,,,,,,,,,,,,,,,,,,,,,,,,,,
561,,,,,,,,,,,,,,,,,,,,,,,,,,,,,,,,
562,,,,,,,,,,,,,,,,,,,,,,,,,,,,,,,,
563,,,,,,,,,,,,,,,,,,,,,,,,,,,,,,,,
564,,,,,,,,,,,,,,,,,,,,,,,,,,,,,,,,
565,,,,,,,,,,,,,,,,,,,,,,,,,,,,,,,,
566,,,,,,,,,,,,,,,,,,,,,,,,,,,,,,,,
567,,,,,,,,,,,,,,,,,,,,,,,,,,,,,,,,
568,,,,,,,,,,,,,,,,,,,,,,,,,,,,,,,,
569,,,,,,,,,,,,,,,,,,,,,,,,,,,,,,,,
570,,,,,,,,,,,,,,,,,,,,,,,,,,,,,,,,
571,,,,,,,,,,,,,,,,,,,,,,,,,,,,,,,,
572,,,,,,,,,,,,,,,,,,,,,,,,,,,,,,,,
573,,,,,,,,,,,,,,,,,,,,,,,,,,,,,,,,
574,,,,,,,,,,,,,,,,,,,,,,,,,,,,,,,,
575,,,,,,,,,,,,,,,,,,,,,,,,,,,,,,,,
576,,,,,,,,,,,,,,,,,,,,,,,,,,,,,,,,
577,,,,,,,,,,,,,,,,,,,,,,,,,,,,,,,,
578,,,,,,,,,,,,,,,,,,,,,,,,,,,,,,,,
579,,,,,,,,,,,,,,,,,,,,,,,,,,,,,,,,
580,,,,,,,,,,,,,,,,,,,,,,,,,,,,,,,,
581,,,,,,,,,,,,,,,,,,,,,,,,,,,,,,,,
582,,,,,,,,,,,,,,,,,,,,,,,,,,,,,,,,
583,,,,,,,,,,,,,,,,,,,,,,,,,,,,,,,,
584,,,,,,,,,,,,,,,,,,,,,,,,,,,,,,,,
585,,,,,,,,,,,,,,,,,,,,,,,,,,,,,,,,
586,,,,,,,,,,,,,,,,,,,,,,,,,,,,,,,,
587,,,,,,,,,,,,,,,,,,,,,,,,,,,,,,,,
588,,,,,,,,,,,,,,,,,,,,,,,,,,,,,,,,
589,,,,,,,,,,,,,,,,,,,,,,,,,,,,,,,,
590,,,,,,,,,,,,,,,,,,,,,,,,,,,,,,,,
591,,,,,,,,,,,,,,,,,,,,,,,,,,,,,,,,
592,,,,,,,,,,,,,,,,,,,,,,,,,,,,,,,,
593,,,,,,,,,,,,,,,,,,,,,,,,,,,,,,,,
594,,,,,,,,,,,,,,,,,,,,,,,,,,,,,,,,
595,,,,,,,,,,,,,,,,,,,,,,,,,,,,,,,,
596,,,,,,,,,,,,,,,,,,,,,,,,,,,,,,,,
597,,,,,,,,,,,,,,,,,,,,,,,,,,,,,,,,
598,,,,,,,,,,,,,,,,,,,,,,,,,,,,,,,,
599,,,,,,,,,,,,,,,,,,,,,,,,,,,,,,,,
600,,,,,,,,,,,,,,,,,,,,,,,,,,,,,,,,
601,,,,,,,,,,,,,,,,,,,,,,,,,,,,,,,,
602,,,,,,,,,,,,,,,,,,,,,,,,,,,,,,,,
603,,,,,,,,,,,,,,,,,,,,,,,,,,,,,,,,
604,,,,,,,,,,,,,,,,,,,,,,,,,,,,,,,,
605,,,,,,,,,,,,,,,,,,,,,,,,,,,,,,,,
606,,,,,,,,,,,,,,,,,,,,,,,,,,,,,,,,
607,,,,,,,,,,,,,,,,,,,,,,,,,,,,,,,,
608,,,,,,,,,,,,,,,,,,,,,,,,,,,,,,,,
609,,,,,,,,,,,,,,,,,,,,,,,,,,,,,,,,
610,,,,,,,,,,,,,,,,,,,,,,,,,,,,,,,,
611,,,,,,,,,,,,,,,,,,,,,,,,,,,,,,,,
612,,,,,,,,,,,,,,,,,,,,,,,,,,,,,,,,
613,,,,,,,,,,,,,,,,,,,,,,,,,,,,,,,,
614,,,,,,,,,,,,,,,,,,,,,,,,,,,,,,,,
615,,,,,,,,,,,,,,,,,,,,,,,,,,,,,,,,
616,,,,,,,,,,,,,,,,,,,,,,,,,,,,,,,,
617,,,,,,,,,,,,,,,,,,,,,,,,,,,,,,,,
618,,,,,,,,,,,,,,,,,,,,,,,,,,,,,,,,
619,,,,,,,,,,,,,,,,,,,,,,,,,,,,,,,,
620,,,,,,,,,,,,,,,,,,,,,,,,,,,,,,,,
621,,,,,,,,,,,,,,,,,,,,,,,,,,,,,,,,
622,,,,,,,,,,,,,,,,,,,,,,,,,,,,,,,,
623,,,,,,,,,,,,,,,,,,,,,,,,,,,,,,,,
624,,,,,,,,,,,,,,,,,,,,,,,,,,,,,,,,
625,,,,,,,,,,,,,,,,,,,,,,,,,,,,,,,,
626,,,,,,,,,,,,,,,,,,,,,,,,,,,,,,,,
627,,,,,,,,,,,,,,,,,,,,,,,,,,,,,,,,
628,,,,,,,,,,,,,,,,,,,,,,,,,,,,,,,,
629,,,,,,,,,,,,,,,,,,,,,,,,,,,,,,,,
630,,,,,,,,,,,,,,,,,,,,,,,,,,,,,,,,
631,,,,,,,,,,,,,,,,,,,,,,,,,,,,,,,,
632,,,,,,,,,,,,,,,,,,,,,,,,,,,,,,,,
633,,,,,,,,,,,,,,,,,,,,,,,,,,,,,,,,
634,,,,,,,,,,,,,,,,,,,,,,,,,,,,,,,,
635,,,,,,,,,,,,,,,,,,,,,,,,,,,,,,,,
636,,,,,,,,,,,,,,,,,,,,,,,,,,,,,,,,
637,,,,,,,,,,,,,,,,,,,,,,,,,,,,,,,,
638,,,,,,,,,,,,,,,,,,,,,,,,,,,,,,,,
639,,,,,,,,,,,,,,,,,,,,,,,,,,,,,,,,
640,,,,,,,,,,,,,,,,,,,,,,,,,,,,,,,,
641,,,,,,,,,,,,,,,,,,,,,,,,,,,,,,,,
642,,,,,,,,,,,,,,,,,,,,,,,,,,,,,,,,
643,,,,,,,,,,,,,,,,,,,,,,,,,,,,,,,,
644,,,,,,,,,,,,,,,,,,,,,,,,,,,,,,,,
645,,,,,,,,,,,,,,,,,,,,,,,,,,,,,,,,
646,,,,,,,,,,,,,,,,,,,,,,,,,,,,,,,,
647,,,,,,,,,,,,,,,,,,,,,,,,,,,,,,,,
648,,,,,,,,,,,,,,,,,,,,,,,,,,,,,,,,
649,,,,,,,,,,,,,,,,,,,,,,,,,,,,,,,,
650,,,,,,,,,,,,,,,,,,,,,,,,,,,,,,,,
651,,,,,,,,,,,,,,,,,,,,,,,,,,,,,,,,
652,,,,,,,,,,,,,,,,,,,,,,,,,,,,,,,,
653,,,,,,,,,,,,,,,,,,,,,,,,,,,,,,,,
654,,,,,,,,,,,,,,,,,,,,,,,,,,,,,,,,
655,,,,,,,,,,,,,,,,,,,,,,,,,,,,,,,,
656,,,,,,,,,,,,,,,,,,,,,,,,,,,,,,,,
657,,,,,,,,,,,,,,,,,,,,,,,,,,,,,,,,
658,,,,,,,,,,,,,,,,,,,,,,,,,,,,,,,,
659,,,,,,,,,,,,,,,,,,,,,,,,,,,,,,,,
660,,,,,,,,,,,,,,,,,,,,,,,,,,,,,,,,
661,,,,,,,,,,,,,,,,,,,,,,,,,,,,,,,,
662,,,,,,,,,,,,,,,,,,,,,,,,,,,,,,,,
663,,,,,,,,,,,,,,,,,,,,,,,,,,,,,,,,
664,,,,,,,,,,,,,,,,,,,,,,,,,,,,,,,,
665,,,,,,,,,,,,,,,,,,,,,,,,,,,,,,,,
666,,,,,,,,,,,,,,,,,,,,,,,,,,,,,,,,
667,,,,,,,,,,,,,,,,,,,,,,,,,,,,,,,,
668,,,,,,,,,,,,,,,,,,,,,,,,,,,,,,,,
669,,,,,,,,,,,,,,,,,,,,,,,,,,,,,,,,
670,,,,,,,,,,,,,,,,,,,,,,,,,,,,,,,,
671,,,,,,,,,,,,,,,,,,,,,,,,,,,,,,,,
672,,,,,,,,,,,,,,,,,,,,,,,,,,,,,,,,
673,,,,,,,,,,,,,,,,,,,,,,,,,,,,,,,,
674,,,,,,,,,,,,,,,,,,,,,,,,,,,,,,,,
675,,,,,,,,,,,,,,,,,,,,,,,,,,,,,,,,
676,,,,,,,,,,,,,,,,,,,,,,,,,,,,,,,,
677,,,,,,,,,,,,,,,,,,,,,,,,,,,,,,,,
678,,,,,,,,,,,,,,,,,,,,,,,,,,,,,,,,
679,,,,,,,,,,,,,,,,,,,,,,,,,,,,,,,,
680,,,,,,,,,,,,,,,,,,,,,,,,,,,,,,,,
681,,,,,,,,,,,,,,,,,,,,,,,,,,,,,,,,
682,,,,,,,,,,,,,,,,,,,,,,,,,,,,,,,,
683,,,,,,,,,,,,,,,,,,,,,,,,,,,,,,,,
684,,,,,,,,,,,,,,,,,,,,,,,,,,,,,,,,
685,,,,,,,,,,,,,,,,,,,,,,,,,,,,,,,,
686,,,,,,,,,,,,,,,,,,,,,,,,,,,,,,,,
687,,,,,,,,,,,,,,,,,,,,,,,,,,,,,,,,
688,,,,,,,,,,,,,,,,,,,,,,,,,,,,,,,,
689,,,,,,,,,,,,,,,,,,,,,,,,,,,,,,,,
690,,,,,,,,,,,,,,,,,,,,,,,,,,,,,,,,
691,,,,,,,,,,,,,,,,,,,,,,,,,,,,,,,,
692,,,,,,,,,,,,,,,,,,,,,,,,,,,,,,,,
693,,,,,,,,,,,,,,,,,,,,,,,,,,,,,,,,
694,,,,,,,,,,,,,,,,,,,,,,,,,,,,,,,,
695,,,,,,,,,,,,,,,,,,,,,,,,,,,,,,,,
696,,,,,,,,,,,,,,,,,,,,,,,,,,,,,,,,
697,,,,,,,,,,,,,,,,,,,,,,,,,,,,,,,,
698,,,,,,,,,,,,,,,,,,,,,,,,,,,,,,,,
699,,,,,,,,,,,,,,,,,,,,,,,,,,,,,,,,
700,,,,,,,,,,,,,,,,,,,,,,,,,,,,,,,,
701,,,,,,,,,,,,,,,,,,,,,,,,,,,,,,,,
702,,,,,,,,,,,,,,,,,,,,,,,,,,,,,,,,
703,,,,,,,,,,,,,,,,,,,,,,,,,,,,,,,,
704,,,,,,,,,,,,,,,,,,,,,,,,,,,,,,,,
705,,,,,,,,,,,,,,,,,,,,,,,,,,,,,,,,
706,,,,,,,,,,,,,,,,,,,,,,,,,,,,,,,,
707,,,,,,,,,,,,,,,,,,,,,,,,,,,,,,,,
708,,,,,,,,,,,,,,,,,,,,,,,,,,,,,,,,
709,,,,,,,,,,,,,,,,,,,,,,,,,,,,,,,,
710,,,,,,,,,,,,,,,,,,,,,,,,,,,,,,,,
711,,,,,,,,,,,,,,,,,,,,,,,,,,,,,,,,
712,,,,,,,,,,,,,,,,,,,,,,,,,,,,,,,,
713,,,,,,,,,,,,,,,,,,,,,,,,,,,,,,,,
714,,,,,,,,,,,,,,,,,,,,,,,,,,,,,,,,
715,,,,,,,,,,,,,,,,,,,,,,,,,,,,,,,,
716,,,,,,,,,,,,,,,,,,,,,,,,,,,,,,,,
717,,,,,,,,,,,,,,,,,,,,,,,,,,,,,,,,
718,,,,,,,,,,,,,,,,,,,,,,,,,,,,,,,,
719,,,,,,,,,,,,,,,,,,,,,,,,,,,,,,,,
720,,,,,,,,,,,,,,,,,,,,,,,,,,,,,,,,
721,,,,,,,,,,,,,,,,,,,,,,,,,,,,,,,,
722,,,,,,,,,,,,,,,,,,,,,,,,,,,,,,,,
723,,,,,,,,,,,,,,,,,,,,,,,,,,,,,,,,
724,,,,,,,,,,,,,,,,,,,,,,,,,,,,,,,,
725,,,,,,,,,,,,,,,,,,,,,,,,,,,,,,,,
726,,,,,,,,,,,,,,,,,,,,,,,,,,,,,,,,
727,,,,,,,,,,,,,,,,,,,,,,,,,,,,,,,,
728,,,,,,,,,,,,,,,,,,,,,,,,,,,,,,,,
729,,,,,,,,,,,,,,,,,,,,,,,,,,,,,,,,
730,,,,,,,,,,,,,,,,,,,,,,,,,,,,,,,,
731,,,,,,,,,,,,,,,,,,,,,,,,,,,,,,,,
732,,,,,,,,,,,,,,,,,,,,,,,,,,,,,,,,
733,,,,,,,,,,,,,,,,,,,,,,,,,,,,,,,,
734,,,,,,,,,,,,,,,,,,,,,,,,,,,,,,,,
735,,,,,,,,,,,,,,,,,,,,,,,,,,,,,,,,
736,,,,,,,,,,,,,,,,,,,,,,,,,,,,,,,,
737,,,,,,,,,,,,,,,,,,,,,,,,,,,,,,,,
738,,,,,,,,,,,,,,,,,,,,,,,,,,,,,,,,
739,,,,,,,,,,,,,,,,,,,,,,,,,,,,,,,,
740,,,,,,,,,,,,,,,,,,,,,,,,,,,,,,,,
741,,,,,,,,,,,,,,,,,,,,,,,,,,,,,,,,
742,,,,,,,,,,,,,,,,,,,,,,,,,,,,,,,,
743,,,,,,,,,,,,,,,,,,,,,,,,,,,,,,,,
744,,,,,,,,,,,,,,,,,,,,,,,,,,,,,,,,
745,,,,,,,,,,,,,,,,,,,,,,,,,,,,,,,,
746,,,,,,,,,,,,,,,,,,,,,,,,,,,,,,,,
747,,,,,,,,,,,,,,,,,,,,,,,,,,,,,,,,
748,,,,,,,,,,,,,,,,,,,,,,,,,,,,,,,,
749,,,,,,,,,,,,,,,,,,,,,,,,,,,,,,,,
750,,,,,,,,,,,,,,,,,,,,,,,,,,,,,,,,
751,,,,,,,,,,,,,,,,,,,,,,,,,,,,,,,,
752,,,,,,,,,,,,,,,,,,,,,,,,,,,,,,,,
753,,,,,,,,,,,,,,,,,,,,,,,,,,,,,,,,
754,,,,,,,,,,,,,,,,,,,,,,,,,,,,,,,,
755,,,,,,,,,,,,,,,,,,,,,,,,,,,,,,,,
756,,,,,,,,,,,,,,,,,,,,,,,,,,,,,,,,
757,,,,,,,,,,,,,,,,,,,,,,,,,,,,,,,,
758,,,,,,,,,,,,,,,,,,,,,,,,,,,,,,,,
759,,,,,,,,,,,,,,,,,,,,,,,,,,,,,,,,
760,,,,,,,,,,,,,,,,,,,,,,,,,,,,,,,,
761,,,,,,,,,,,,,,,,,,,,,,,,,,,,,,,,
762,,,,,,,,,,,,,,,,,,,,,,,,,,,,,,,,
763,,,,,,,,,,,,,,,,,,,,,,,,,,,,,,,,
764,,,,,,,,,,,,,,,,,,,,,,,,,,,,,,,,
765,,,,,,,,,,,,,,,,,,,,,,,,,,,,,,,,
766,,,,,,,,,,,,,,,,,,,,,,,,,,,,,,,,
767,,,,,,,,,,,,,,,,,,,,,,,,,,,,,,,,
768,,,,,,,,,,,,,,,,,,,,,,,,,,,,,,,,
769,,,,,,,,,,,,,,,,,,,,,,,,,,,,,,,,
770,,,,,,,,,,,,,,,,,,,,,,,,,,,,,,,,
771,,,,,,,,,,,,,,,,,,,,,,,,,,,,,,,,
772,,,,,,,,,,,,,,,,,,,,,,,,,,,,,,,,
773,,,,,,,,,,,,,,,,,,,,,,,,,,,,,,,,
774,,,,,,,,,,,,,,,,,,,,,,,,,,,,,,,,
775,,,,,,,,,,,,,,,,,,,,,,,,,,,,,,,,
776,,,,,,,,,,,,,,,,,,,,,,,,,,,,,,,,
777,,,,,,,,,,,,,,,,,,,,,,,,,,,,,,,,
778,,,,,,,,,,,,,,,,,,,,,,,,,,,,,,,,
779,,,,,,,,,,,,,,,,,,,,,,,,,,,,,,,,
780,,,,,,,,,,,,,,,,,,,,,,,,,,,,,,,,
781,,,,,,,,,,,,,,,,,,,,,,,,,,,,,,,,
782,,,,,,,,,,,,,,,,,,,,,,,,,,,,,,,,
783,,,,,,,,,,,,,,,,,,,,,,,,,,,,,,,,
784,,,,,,,,,,,,,,,,,,,,,,,,,,,,,,,,
785,,,,,,,,,,,,,,,,,,,,,,,,,,,,,,,,
786,,,,,,,,,,,,,,,,,,,,,,,,,,,,,,,,
787,,,,,,,,,,,,,,,,,,,,,,,,,,,,,,,,
788,,,,,,,,,,,,,,,,,,,,,,,,,,,,,,,,
789,,,,,,,,,,,,,,,,,,,,,,,,,,,,,,,,
790,,,,,,,,,,,,,,,,,,,,,,,,,,,,,,,,
791,,,,,,,,,,,,,,,,,,,,,,,,,,,,,,,,
792,,,,,,,,,,,,,,,,,,,,,,,,,,,,,,,,
793,,,,,,,,,,,,,,,,,,,,,,,,,,,,,,,,
794,,,,,,,,,,,,,,,,,,,,,,,,,,,,,,,,
795,,,,,,,,,,,,,,,,,,,,,,,,,,,,,,,,
796,,,,,,,,,,,,,,,,,,,,,,,,,,,,,,,,
797,,,,,,,,,,,,,,,,,,,,,,,,,,,,,,,,
798,,,,,,,,,,,,,,,,,,,,,,,,,,,,,,,,
799,,,,,,,,,,,,,,,,,,,,,,,,,,,,,,,,
800,,,,,,,,,,,,,,,,,,,,,,,,,,,,,,,,
801,,,,,,,,,,,,,,,,,,,,,,,,,,,,,,,,
802,,,,,,,,,,,,,,,,,,,,,,,,,,,,,,,,
803,,,,,,,,,,,,,,,,,,,,,,,,,,,,,,,,
804,,,,,,,,,,,,,,,,,,,,,,,,,,,,,,,,
805,,,,,,,,,,,,,,,,,,,,,,,,,,,,,,,,
806,,,,,,,,,,,,,,,,,,,,,,,,,,,,,,,,
807,,,,,,,,,,,,,,,,,,,,,,,,,,,,,,,,
808,,,,,,,,,,,,,,,,,,,,,,,,,,,,,,,,
809,,,,,,,,,,,,,,,,,,,,,,,,,,,,,,,,
810,,,,,,,,,,,,,,,,,,,,,,,,,,,,,,,,
811,,,,,,,,,,,,,,,,,,,,,,,,,,,,,,,,
812,,,,,,,,,,,,,,,,,,,,,,,,,,,,,,,,
813,,,,,,,,,,,,,,,,,,,,,,,,,,,,,,,,
814,,,,,,,,,,,,,,,,,,,,,,,,,,,,,,,,
815,,,,,,,,,,,,,,,,,,,,,,,,,,,,,,,,
816,,,,,,,,,,,,,,,,,,,,,,,,,,,,,,,,
817,,,,,,,,,,,,,,,,,,,,,,,,,,,,,,,,
818,,,,,,,,,,,,,,,,,,,,,,,,,,,,,,,,
819,,,,,,,,,,,,,,,,,,,,,,,,,,,,,,,,
820,,,,,,,,,,,,,,,,,,,,,,,,,,,,,,,,
821,,,,,,,,,,,,,,,,,,,,,,,,,,,,,,,,
822,,,,,,,,,,,,,,,,,,,,,,,,,,,,,,,,
823,,,,,,,,,,,,,,,,,,,,,,,,,,,,,,,,
824,,,,,,,,,,,,,,,,,,,,,,,,,,,,,,,,
825,,,,,,,,,,,,,,,,,,,,,,,,,,,,,,,,
826,,,,,,,,,,,,,,,,,,,,,,,,,,,,,,,,
827,,,,,,,,,,,,,,,,,,,,,,,,,,,,,,,,
828,,,,,,,,,,,,,,,,,,,,,,,,,,,,,,,,
829,,,,,,,,,,,,,,,,,,,,,,,,,,,,,,,,
830,,,,,,,,,,,,,,,,,,,,,,,,,,,,,,,,
831,,,,,,,,,,,,,,,,,,,,,,,,,,,,,,,,
832,,,,,,,,,,,,,,,,,,,,,,,,,,,,,,,,
833,,,,,,,,,,,,,,,,,,,,,,,,,,,,,,,,
834,,,,,,,,,,,,,,,,,,,,,,,,,,,,,,,,
835,,,,,,,,,,,,,,,,,,,,,,,,,,,,,,,,
836,,,,,,,,,,,,,,,,,,,,,,,,,,,,,,,,
837,,,,,,,,,,,,,,,,,,,,,,,,,,,,,,,,
838,,,,,,,,,,,,,,,,,,,,,,,,,,,,,,,,
839,,,,,,,,,,,,,,,,,,,,,,,,,,,,,,,,
840,,,,,,,,,,,,,,,,,,,,,,,,,,,,,,,,
841,,,,,,,,,,,,,,,,,,,,,,,,,,,,,,,,
842,,,,,,,,,,,,,,,,,,,,,,,,,,,,,,,,
843,,,,,,,,,,,,,,,,,,,,,,,,,,,,,,,,
844,,,,,,,,,,,,,,,,,,,,,,,,,,,,,,,,
845,,,,,,,,,,,,,,,,,,,,,,,,,,,,,,,,
846,,,,,,,,,,,,,,,,,,,,,,,,,,,,,,,,
847,,,,,,,,,,,,,,,,,,,,,,,,,,,,,,,,
848,,,,,,,,,,,,,,,,,,,,,,,,,,,,,,,,
849,,,,,,,,,,,,,,,,,,,,,,,,,,,,,,,,
850,,,,,,,,,,,,,,,,,,,,,,,,,,,,,,,,
851,,,,,,,,,,,,,,,,,,,,,,,,,,,,,,,,
852,,,,,,,,,,,,,,,,,,,,,,,,,,,,,,,,
853,,,,,,,,,,,,,,,,,,,,,,,,,,,,,,,,
854,,,,,,,,,,,,,,,,,,,,,,,,,,,,,,,,
855,,,,,,,,,,,,,,,,,,,,,,,,,,,,,,,,
856,,,,,,,,,,,,,,,,,,,,,,,,,,,,,,,,
857,,,,,,,,,,,,,,,,,,,,,,,,,,,,,,,,
858,,,,,,,,,,,,,,,,,,,,,,,,,,,,,,,,
859,,,,,,,,,,,,,,,,,,,,,,,,,,,,,,,,
860,,,,,,,,,,,,,,,,,,,,,,,,,,,,,,,,
861,,,,,,,,,,,,,,,,,,,,,,,,,,,,,,,,
862,,,,,,,,,,,,,,,,,,,,,,,,,,,,,,,,
863,,,,,,,,,,,,,,,,,,,,,,,,,,,,,,,,
864,,,,,,,,,,,,,,,,,,,,,,,,,,,,,,,,
865,,,,,,,,,,,,,,,,,,,,,,,,,,,,,,,,
866,,,,,,,,,,,,,,,,,,,,,,,,,,,,,,,,
867,,,,,,,,,,,,,,,,,,,,,,,,,,,,,,,,
868,,,,,,,,,,,,,,,,,,,,,,,,,,,,,,,,
869,,,,,,,,,,,,,,,,,,,,,,,,,,,,,,,,
870,,,,,,,,,,,,,,,,,,,,,,,,,,,,,,,,
871,,,,,,,,,,,,,,,,,,,,,,,,,,,,,,,,
872,,,,,,,,,,,,,,,,,,,,,,,,,,,,,,,,
873,,,,,,,,,,,,,,,,,,,,,,,,,,,,,,,,
874,,,,,,,,,,,,,,,,,,,,,,,,,,,,,,,,
875,,,,,,,,,,,,,,,,,,,,,,,,,,,,,,,,
876,,,,,,,,,,,,,,,,,,,,,,,,,,,,,,,,
877,,,,,,,,,,,,,,,,,,,,,,,,,,,,,,,,
878,,,,,,,,,,,,,,,,,,,,,,,,,,,,,,,,
879,,,,,,,,,,,,,,,,,,,,,,,,,,,,,,,,
880,,,,,,,,,,,,,,,,,,,,,,,,,,,,,,,,
881,,,,,,,,,,,,,,,,,,,,,,,,,,,,,,,,
882,,,,,,,,,,,,,,,,,,,,,,,,,,,,,,,,
883,,,,,,,,,,,,,,,,,,,,,,,,,,,,,,,,
884,,,,,,,,,,,,,,,,,,,,,,,,,,,,,,,,
885,,,,,,,,,,,,,,,,,,,,,,,,,,,,,,,,
886,,,,,,,,,,,,,,,,,,,,,,,,,,,,,,,,
887,,,,,,,,,,,,,,,,,,,,,,,,,,,,,,,,
888,,,,,,,,,,,,,,,,,,,,,,,,,,,,,,,,
889,,,,,,,,,,,,,,,,,,,,,,,,,,,,,,,,
890,,,,,,,,,,,,,,,,,,,,,,,,,,,,,,,,
891,,,,,,,,,,,,,,,,,,,,,,,,,,,,,,,,
892,,,,,,,,,,,,,,,,,,,,,,,,,,,,,,,,
893,,,,,,,,,,,,,,,,,,,,,,,,,,,,,,,,
894,,,,,,,,,,,,,,,,,,,,,,,,,,,,,,,,
895,,,,,,,,,,,,,,,,,,,,,,,,,,,,,,,,
896,,,,,,,,,,,,,,,,,,,,,,,,,,,,,,,,
897,,,,,,,,,,,,,,,,,,,,,,,,,,,,,,,,
898,,,,,,,,,,,,,,,,,,,,,,,,,,,,,,,,
899,,,,,,,,,,,,,,,,,,,,,,,,,,,,,,,,
900,,,,,,,,,,,,,,,,,,,,,,,,,,,,,,,,
901,,,,,,,,,,,,,,,,,,,,,,,,,,,,,,,,
902,,,,,,,,,,,,,,,,,,,,,,,,,,,,,,,,
903,,,,,,,,,,,,,,,,,,,,,,,,,,,,,,,,
904,,,,,,,,,,,,,,,,,,,,,,,,,,,,,,,,
905,,,,,,,,,,,,,,,,,,,,,,,,,,,,,,,,
906,,,,,,,,,,,,,,,,,,,,,,,,,,,,,,,,
907,,,,,,,,,,,,,,,,,,,,,,,,,,,,,,,,
908,,,,,,,,,,,,,,,,,,,,,,,,,,,,,,,,
909,,,,,,,,,,,,,,,,,,,,,,,,,,,,,,,,
910,,,,,,,,,,,,,,,,,,,,,,,,,,,,,,,,
911,,,,,,,,,,,,,,,,,,,,,,,,,,,,,,,,
912,,,,,,,,,,,,,,,,,,,,,,,,,,,,,,,,
913,,,,,,,,,,,,,,,,,,,,,,,,,,,,,,,,
914,,,,,,,,,,,,,,,,,,,,,,,,,,,,,,,,
915,,,,,,,,,,,,,,,,,,,,,,,,,,,,,,,,
916,,,,,,,,,,,,,,,,,,,,,,,,,,,,,,,,
917,,,,,,,,,,,,,,,,,,,,,,,,,,,,,,,,
918,,,,,,,,,,,,,,,,,,,,,,,,,,,,,,,,
919,,,,,,,,,,,,,,,,,,,,,,,,,,,,,,,,
920,,,,,,,,,,,,,,,,,,,,,,,,,,,,,,,,
921,,,,,,,,,,,,,,,,,,,,,,,,,,,,,,,,
922,,,,,,,,,,,,,,,,,,,,,,,,,,,,,,,,
923,,,,,,,,,,,,,,,,,,,,,,,,,,,,,,,,
924,,,,,,,,,,,,,,,,,,,,,,,,,,,,,,,,
925,,,,,,,,,,,,,,,,,,,,,,,,,,,,,,,,
926,,,,,,,,,,,,,,,,,,,,,,,,,,,,,,,,
927,,,,,,,,,,,,,,,,,,,,,,,,,,,,,,,,
928,,,,,,,,,,,,,,,,,,,,,,,,,,,,,,,,
929,,,,,,,,,,,,,,,,,,,,,,,,,,,,,,,,
930,,,,,,,,,,,,,,,,,,,,,,,,,,,,,,,,
931,,,,,,,,,,,,,,,,,,,,,,,,,,,,,,,,
932,,,,,,,,,,,,,,,,,,,,,,,,,,,,,,,,
933,,,,,,,,,,,,,,,,,,,,,,,,,,,,,,,,
934,,,,,,,,,,,,,,,,,,,,,,,,,,,,,,,,
935,,,,,,,,,,,,,,,,,,,,,,,,,,,,,,,,
936,,,,,,,,,,,,,,,,,,,,,,,,,,,,,,,,
937,,,,,,,,,,,,,,,,,,,,,,,,,,,,,,,,
938,,,,,,,,,,,,,,,,,,,,,,,,,,,,,,,,
939,,,,,,,,,,,,,,,,,,,,,,,,,,,,,,,,
940,,,,,,,,,,,,,,,,,,,,,,,,,,,,,,,,
941,,,,,,,,,,,,,,,,,,,,,,,,,,,,,,,,
942,,,,,,,,,,,,,,,,,,,,,,,,,,,,,,,,
943,,,,,,,,,,,,,,,,,,,,,,,,,,,,,,,,
944,,,,,,,,,,,,,,,,,,,,,,,,,,,,,,,,
945,,,,,,,,,,,,,,,,,,,,,,,,,,,,,,,,
946,,,,,,,,,,,,,,,,,,,,,,,,,,,,,,,,
947,,,,,,,,,,,,,,,,,,,,,,,,,,,,,,,,
948,,,,,,,,,,,,,,,,,,,,,,,,,,,,,,,,
949,,,,,,,,,,,,,,,,,,,,,,,,,,,,,,,,
950,,,,,,,,,,,,,,,,,,,,,,,,,,,,,,,,
951,,,,,,,,,,,,,,,,,,,,,,,,,,,,,,,,
952,,,,,,,,,,,,,,,,,,,,,,,,,,,,,,,,
953,,,,,,,,,,,,,,,,,,,,,,,,,,,,,,,,
954,,,,,,,,,,,,,,,,,,,,,,,,,,,,,,,,
955,,,,,,,,,,,,,,,,,,,,,,,,,,,,,,,,
956,,,,,,,,,,,,,,,,,,,,,,,,,,,,,,,,
957,,,,,,,,,,,,,,,,,,,,,,,,,,,,,,,,
958,,,,,,,,,,,,,,,,,,,,,,,,,,,,,,,,
959,,,,,,,,,,,,,,,,,,,,,,,,,,,,,,,,
960,,,,,,,,,,,,,,,,,,,,,,,,,,,,,,,,
961,,,,,,,,,,,,,,,,,,,,,,,,,,,,,,,,
962,,,,,,,,,,,,,,,,,,,,,,,,,,,,,,,,
963,,,,,,,,,,,,,,,,,,,,,,,,,,,,,,,,
964,,,,,,,,,,,,,,,,,,,,,,,,,,,,,,,,
965,,,,,,,,,,,,,,,,,,,,,,,,,,,,,,,,
966,,,,,,,,,,,,,,,,,,,,,,,,,,,,,,,,
967,,,,,,,,,,,,,,,,,,,,,,,,,,,,,,,,
968,,,,,,,,,,,,,,,,,,,,,,,,,,,,,,,,
969,,,,,,,,,,,,,,,,,,,,,,,,,,,,,,,,
970,,,,,,,,,,,,,,,,,,,,,,,,,,,,,,,,
971,,,,,,,,,,,,,,,,,,,,,,,,,,,,,,,,
972,,,,,,,,,,,,,,,,,,,,,,,,,,,,,,,,
973,,,,,,,,,,,,,,,,,,,,,,,,,,,,,,,,
974,,,,,,,,,,,,,,,,,,,,,,,,,,,,,,,,
975,,,,,,,,,,,,,,,,,,,,,,,,,,,,,,,,
976,,,,,,,,,,,,,,,,,,,,,,,,,,,,,,,,
977,,,,,,,,,,,,,,,,,,,,,,,,,,,,,,,,
978,,,,,,,,,,,,,,,,,,,,,,,,,,,,,,,,
979,,,,,,,,,,,,,,,,,,,,,,,,,,,,,,,,
980,,,,,,,,,,,,,,,,,,,,,,,,,,,,,,,,
981,,,,,,,,,,,,,,,,,,,,,,,,,,,,,,,,
982,,,,,,,,,,,,,,,,,,,,,,,,,,,,,,,,
983,,,,,,,,,,,,,,,,,,,,,,,,,,,,,,,,
984,,,,,,,,,,,,,,,,,,,,,,,,,,,,,,,,
985,,,,,,,,,,,,,,,,,,,,,,,,,,,,,,,,
986,,,,,,,,,,,,,,,,,,,,,,,,,,,,,,,,
987,,,,,,,,,,,,,,,,,,,,,,,,,,,,,,,,
988,,,,,,,,,,,,,,,,,,,,,,,,,,,,,,,,
989,,,,,,,,,,,,,,,,,,,,,,,,,,,,,,,,
990,,,,,,,,,,,,,,,,,,,,,,,,,,,,,,,,
991,,,,,,,,,,,,,,,,,,,,,,,,,,,,,,,,
992,,,,,,,,,,,,,,,,,,,,,,,,,,,,,,,,
993,,,,,,,,,,,,,,,,,,,,,,,,,,,,,,,,
994,,,,,,,,,,,,,,,,,,,,,,,,,,,,,,,,
995,,,,,,,,,,,,,,,,,,,,,,,,,,,,,,,,
996,,,,,,,,,,,,,,,,,,,,,,,,,,,,,,,,
997,,,,,,,,,,,,,,,,,,,,,,,,,,,,,,,,
998,,,,,,,,,,,,,,,,,,,,,,,,,,,,,,,,
999,,,,,,,,,,,,,,,,,,,,,,,,,,,,,,,,
1000,,,,,,,,,,,,,,,,,,,,,,,,,,,,,,,,
,,Red meat:,,,,,,,,,,,,,,,,,,,,,,,,,,,,,,
,,Other meat:,,,,,,,,,,,,,,,,,,,,,,,,,,,,,,
,,Dairy:,,,,,,,,,,,,,,,,,,,,,,,,,,,,,,
,,Egg:,,,,,,,,,,,,,,,,,,,,,,,,,,,,,,
,,Plant based:,,,,,,,,,,,,,,,,,,,,,,,,,,,,,,
