ID,Name,Description [OPTIONAL],Contains animal products?,Type,Autumn,Winter,Spring,Summer,ID,Dish #1,ID,Dish #2,ID,Dish #3,ID,Dish #4,ID,Dish #5,ID,Dish #6,ID,Dish #7,ID,Dish #8,ID,Dish #9,ID,Dish #10
1,Scrambled eggs and toast,"Scrambled eggs with onion, hot green pepper and sourdough bread",Egg,Breakfast,Y,Y,Y,Y,1,Scrambled eggs,2,Whole meal toast,12,Baby spinach salad,,,,,,,,,,,,,,
2,Hummus on toast,Hummus on whole wheat toast and pumpkin seeds,Plant based,Breakfast,Y,Y,Y,Y,3,"Hummus, plain",2,Whole meal toast,5,"Carrot, beetroot and apple salad ",,,,,,,,,,,,,,
3,Poppy seed oatmeal,"Porridge with milk, vanilla, poppy seed, sour cherries",Dairy,Breakfast,Y,Y,Y,Y,6,Poppy seed oatmeal,,,,,,,,,,,,,,,,,,
4,Cottage cheese with dill on toast,"Salty cottage cheese spread with dill, rye bread",Dairy,Breakfast,Y,Y,Y,Y,7,Salty cottage cheese spread with dill,11,Ciabatta,10,"Fresh salad with red cabbage, carrot, onion, tomatoes ",,,,,,,,,,,,,,
5,Zacusca on bread stick with roasted chickpeas on top,Eggplant and bell pepper spread on hungarian twisted bread stick with roasted chickpeas on top,Plant based,Breakfast,Y,N,N,Y,8,Zacusca,13,"Breadsticks, plain",9,Crispy chickpeas,,,,,,,,,,,,,,
6,Lentil pottage with falafel,Hearty lentil stew,Plant based,Lunch,Y,Y,Y,Y,203,Lentil pottage,111,Falafel,,,,,,,,,,,,,,,,
7,Spaghetti bolognese ,Spaghetti with minced meat ragu,Red meat,Lunch,Y,Y,Y,Y,204,Spaghetti bolognese ,,,,,,,,,,,,,,,,,,
8,Mushroom stew with cooked potatoes and parsley,Onion and paprika based mushroom stew ,Plant based,Lunch,Y,Y,Y,Y,205,Mushroom stew,115,Cooked potatoes with parsley,,,,,,,,,,,,,,,,
9,Chicken breast in breadcrumb with steamed vegetables and white rice,"Deepfried chicken breast with white rice and steamed green peas, carrot",Other meat,Lunch,Y,Y,Y,Y,206,Chicken breast in breadcrumb,222,Steamed carrot and peas,119,Steamed white rice,,,,,,,,,,,,,,
10,Roasted duck breast with braised red cabbage and apple,,Other meat,Lunch,Y,Y,Y,Y,207,Roasted duck breast,221,Braised red cabbage and apple,,,,,,,,,,,,,,,,
11,Tofu and vegetables stirfry,,Plant based,Dinner,Y,Y,Y,Y,208,Tofu and vegetables stirfry,,,,,,,,,,,,,,,,,,
12,Shaksuka with pita bread,"Poached eggs in a souce of tomatoes, peppers, onion, garlic, paprika",Egg,Dinner,Y,Y,Y,Y,209,Shaksuka,24,Pitta bread,,,,,,,,,,,,,,,,
13,Warm quinoa salad,"Baked root vegetables, quinoa, beans, topped with walnut and sesame seeds",Plant based,Dinner,Y,Y,Y,Y,210,Warm quinoa salad,,,,,,,,,,,,,,,,,,
14,"Tortilla wrap filled with egg, goat cheese, rocket salad and tomato",,Egg,Dinner,Y,Y,Y,Y,211,"Tortilla wrap filled with egg, goat cheese, rocket salad and tomato",,,,,,,,,,,,,,,,,,
15,Liver pâté with ciabatta and grapes,,Other meat,Dinner,Y,Y,N,N,201,Liver pâté,11,Ciabatta,101,grapes,,,,,,,,,,,,,,
16,Apples with almonds,,Plant based,Snack,Y,Y,Y,Y,66,apple,212,Almond,,,,,,,,,,,,,,,,
17,"Yogurt with granola, pear",,Dairy,Snack,Y,Y,N,Y,49,Yogurt,26,Chocolate granola,72,Pear ,,,,,,,,,,,,,,
18,Kefir with bran cracker,,Dairy,Snack,Y,Y,Y,Y,87,Kefir,100,bran crackers,,,,,,,,,,,,,,,,
19,"Carrot, cucumber and celery sticks with blocks of hard cheese",,Dairy,Snack,Y,Y,Y,Y,71,Carrot,76,Cucumber,75,Celery sticks,213,Hard cheese,,,,,,,,,,,,
20,Blueberry smoothie,"Banana, frozen blueberries, baby spinach, cashew nuts, soy milk",Plant based,Snack,Y,Y,Y,Y,214,Blueberry smoothie,,,,,,,,,,,,,,,,,,
21,Beetroot hummus on breadstick with broccoli sprouts,,Plant based,Breakfast,Y,Y,Y,Y,14,"Hummus, beetroot",13,"Breadsticks, plain",16,Broccoli sprouts,,,,,,,,,,,,,,
22,Lentilspread on multigrain buns,,Plant based,Breakfast,Y,Y,Y,Y,17,Lentil spread,18,Multigrain bread,,,,,,,,,,,,,,,,
23,White bean spread with sun-dried tomatoes and crispy tortilla,,Plant based,Breakfast,Y,Y,Y,Y,19,White bean spread with sun-dried tomatoes,20,Crispy tortilla,75,Celery sticks,,,,,,,,,,,,,,
24,Avocado on toast with black sesame seed and crispy chickpeas ,,Plant based,Breakfast,Y,Y,Y,Y,2,Whole meal toast,21,Avocado,9,Crispy chickpeas,22,Black sesame seed,12,Baby spinach salad,,,,,,,,,,
25,Tofu spread on multigrain bread and radish,,Plant based,Breakfast,Y,Y,Y,N,23,Tofu spread,18,Multigrain bread,215,"Radish, red",,,,,,,,,,,,,,
26,Soy yogurt with granola and plums,,Plant based,Breakfast,Y,N,N,Y,25,Soy yogurt,26,Chocolate granola,27,Plum,,,,,,,,,,,,,,
27,Pink smoothie ,"Bananas, oats, frozen strawberries and raspberries, soy milk, cinnamon ",Plant based,Breakfast,Y,Y,Y,Y,28,Pink smoothie ,,,,,,,,,,,,,,,,,,
28,Nice cream with chocolate granola,"Frozen banana, cocoa powder, oat drink, espresso shot/instant coffee mixed, topped with chocolate granola",Plant based,Breakfast,Y,Y,Y,Y,29,Nice cream,26,Chocolate granola,,,,,,,,,,,,,,,,
29,Carrotcake porridge,"Oatmeal with shredded carrot, cinnamon and walnut ",Plant based,Breakfast,Y,Y,Y,Y,30,Carrotcake porridge,,,,,,,,,,,,,,,,,,
30,Applepie porridge ,Porridge with shredded apple and cinnamon,Plant based,Breakfast,Y,Y,Y,Y,31,Applepie porridge ,,,,,,,,,,,,,,,,,,
31,Pumpkin-spiced porridge ,"Porridge with pumpkin purée, and pumpkin spice mix (cinnamon, nutmeg, cloves)",Plant based,Breakfast,Y,Y,Y,Y,32,Pumpkin-spiced porridge ,,,,,,,,,,,,,,,,,,
32,Buckwheat chocolate porridge,Buckwheat porridge with cocoa and coconut milk,Plant based,Breakfast,Y,Y,Y,Y,33,Buckwheat chocolate porridge,105,sour cherries,,,,,,,,,,,,,,,,
33,Peanut butter on toast with raspberries ,,Plant based,Breakfast,N,N,N,Y,39,Peanut butter,2,Whole meal toast,38,Raspberries ,,,,,,,,,,,,,,
34,Bananabread,,Plant based,Breakfast,Y,Y,Y,Y,40,Bananabread,,,,,,,,,,,,,,,,,,
35,Vegan pancake topped with peanut butter and jam,,Plant based,Breakfast,Y,Y,Y,Y,41,Vegan banana pancake,39,Peanut butter,37,Strawberry jam,,,,,,,,,,,,,,
36,Hungarian ratatuille with bread,"Sauteéd onions, peppers, tomatoes and smoked paprika, served with whole grain toast",Plant based,Breakfast,Y,N,N,Y,42,Hungarian ratatuille,15,Sourdough bread,,,,,,,,,,,,,,,,
37,Cream quark with roasted pumpkin and nuts,,Dairy,Breakfast,Y,Y,N,N,83,"Butternut squash, baked",43,Cream quark,36,"Walnuts, roasted",,,,,,,,,,,,,,
38,Cheese sandwich ,"Hard cheese, lettuce, tomatoes on buttered white bread",Dairy,Breakfast,Y,Y,Y,Y,44,Cheese sandwich ,,,,,,,,,,,,,,,,,,
39,Cheesy scones with vegetables,,Dairy,Breakfast,Y,Y,Y,Y,54,"Scones, cheese",71,Carrot,75,Celery sticks,,,,,,,,,,,,,,
40,Peanut butter on toast with yogurt and peach ,,Dairy,Breakfast,Y,N,N,Y,39,Peanut butter,2,Whole meal toast,49,Yogurt,50,Peach,,,,,,,,,,,,
41,Guacamole on toast with feta cheese,,Dairy,Breakfast,Y,Y,Y,Y,51,Guacamole,2,Whole meal toast,52,Feta cheese,,,,,,,,,,,,,,
42,Firtatta ,Baked veggie omlett with apple and beetroot salad,Egg,Breakfast,Y,N,Y,Y,216,Frittata with courgette and potatoes,5,"Carrot, beetroot and apple salad ",,,,,,,,,,,,,,,,
43,Sunny side up eggs with multigrain bun,,Egg,Breakfast,Y,Y,Y,Y,58,Fried eggs,18,Multigrain bread,116,Tomato salad,,,,,,,,,,,,,,
44,Scrambled oats,Panfried oats with yoghurt and fruits,Egg,Breakfast,Y,Y,Y,Y,59,Scrambled oats,66,apple,,,,,,,,,,,,,,,,
45,Eggplant spread with soft boiled eggs on toast,,Egg,Breakfast,Y,N,N,Y,56,Soft boiled eggs,60,Eggplant spread,107,Rye bread,,,,,,,,,,,,,,
46,Egg spread with multigrain bread,,Egg,Breakfast,Y,Y,Y,Y,61,Egg spread,18,Multigrain bread,76,Cucumber,,,,,,,,,,,,,,
47,Hummus on toast with poached egg and smoked paprika,,Egg,Breakfast,Y,Y,Y,Y,62,Poached egg,3,"Hummus, plain",53,Smoked paprika,2,Whole meal toast,,,,,,,,,,,,
48,Tuna and corn salad with tortilla,"Canned tuna, corn, chopped red onion and olives",Other meat,Breakfast,Y,Y,Y,Y,63,Tuna and corn salad,20,Crispy tortilla,,,,,,,,,,,,,,,,
49,Chicken ham and eggs with ciabatta,,Other meat,Breakfast,Y,Y,Y,Y,64,Chicken ham and eggs,11,Ciabatta,220,Tomatoes,,,,,,,,,,,,,,
50,Hungarian smoked sausage sandwich ,"Hungarian smoked, spicy sausage with hot green pepper and red onions, white bread ",Red meat,Breakfast,Y,Y,Y,Y,65,Hungarian smoked sausage sandwich ,,,,,,,,,,,,,,,,,,
51,Broccoli dip with breadstick,,Plant based,Snack,Y,N,Y,Y,70,Broccoli dip,13,"Breadsticks, plain",,,,,,,,,,,,,,,,
52,"Carrot, kohlrabi, walnut  ",,Plant based,Snack,Y,Y,Y,Y,71,Carrot,68,Kohlrabi,36,"Walnuts, roasted",,,,,,,,,,,,,,
53,Pear and pecans,,Plant based,Snack,Y,Y,N,Y,72,Pear ,67,pecans,,,,,,,,,,,,,,,,
54,Peach and oat biscuits,,Plant based,Snack,Y,N,N,Y,50,Peach,73,Oat biscuits,,,,,,,,,,,,,,,,
55,Popcorn,,Plant based,Snack,Y,Y,Y,Y,74,Popcorn,,,,,,,,,,,,,,,,,,
56,Celery sticks and carrot with hummus,,Plant based,Snack,Y,Y,Y,Y,75,Celery sticks,71,Carrot,3,"Hummus, plain",,,,,,,,,,,,,,
57,"Cucumber, bran crackers",,Plant based,Snack,Y,Y,Y,Y,100,bran crackers,76,Cucumber,,,,,,,,,,,,,,,,
58,Soy yogurt with rolled oats and grapes,,Plant based,Snack,Y,N,N,Y,25,Soy yogurt,88,Rolled oats,101,grapes,,,,,,,,,,,,,,
59,"Cashew nut, raisin",,Plant based,Snack,Y,Y,Y,Y,78,Cashew nut,102,Raisin,,,,,,,,,,,,,,,,
60,"Apple, almond butter",,Plant based,Snack,Y,Y,Y,Y,66,apple,79,Almond butter,,,,,,,,,,,,,,,,
61,"Cornflakes, soy yogurt ",,Plant based,Snack,Y,Y,Y,Y,25,Soy yogurt,80,Cornflakes,,,,,,,,,,,,,,,,
62,"Banana, peanut butter",,Plant based,Snack,Y,Y,Y,Y,81,Banana,39,Peanut butter,,,,,,,,,,,,,,,,
63,Dried apple slices with roasted walnuts,,Plant based,Snack,Y,Y,Y,Y,82,"Apples, dried",36,"Walnuts, roasted",,,,,,,,,,,,,,,,
64,"Butternut squash, baked",,Plant based,Snack,Y,Y,N,N,83,"Butternut squash, baked",,,,,,,,,,,,,,,,,,
65,Watermelon,,Plant based,Snack,Y,N,N,N,84,Watermelon,,,,,,,,,,,,,,,,,,
66,Caprese salad,Mozzarella with fresh tomatoes and basil,Dairy,Snack,Y,N,N,Y,85,Caprese salad,,,,,,,,,,,,,,,,,,
67,Plum jam on milk bread with yogurt,,Dairy,Snack,Y,Y,Y,Y,86,Plum jam,104,Milk bread,49,Yogurt,,,,,,,,,,,,,,
68,"Kefir and salt sticks ""sós ropi""",,Dairy,Snack,Y,Y,Y,Y,87,Kefir,103,Hungarian salt sticks ,,,,,,,,,,,,,,,,
69,Yogurt with rolled oats and sour cherries,,Dairy,Snack,Y,Y,Y,Y,49,Yogurt,88,Rolled oats,105,sour cherries,,,,,,,,,,,,,,
70,Cottage cheese with spelt cracker,,Dairy,Snack,Y,Y,Y,Y,89,Cottage cheese,106,spelt cracker,,,,,,,,,,,,,,,,
71,Soft boiled eggs with celery sticks and cucumber ,,Egg,Snack,Y,Y,Y,Y,56,Soft boiled eggs,75,Celery sticks,76,Cucumber,,,,,,,,,,,,,,
72,American pancakes with apple sauce,,Egg,Snack,Y,Y,Y,Y,91,American pancakes,90,Apple sauce,,,,,,,,,,,,,,,,
73,Apple muffins ,,Egg,Snack,Y,Y,Y,Y,92,Apple muffins ,,,,,,,,,,,,,,,,,,
74,Hard boiled eggs with olive and cracker,,Egg,Snack,Y,Y,Y,Y,55,Hard boiled eggs,93,Olives,100,bran crackers,,,,,,,,,,,,,,
75,Egg muffins ,Baked egg cups with sautéed baby spinach and diced bell pepper in muffin tins,Egg,Snack,Y,Y,Y,Y,94,Egg muffins ,,,,,,,,,,,,,,,,,,
76,French toast with banana,,Egg,Snack,Y,Y,Y,Y,95,French toast,,,,,,,,,,,,,,,,,,
77,Smoked salmon on rye bread with dill,,Other meat,Snack,Y,Y,Y,Y,96,Smoked salmon,108,Dill,107,Rye bread,,,,,,,,,,,,,,
78,Chicken ham with cucumber and crackers ,,Other meat,Snack,Y,Y,Y,Y,97,Chicken ham,76,Cucumber,106,spelt cracker,,,,,,,,,,,,,,
79,Hungarian white mold salami with baguette and hot peppers ,,Red meat,Snack,Y,Y,Y,Y,98,Hungarian white mold salami,47,Hot green pepper,48,Baguette,,,,,,,,,,,,,,
80,Prosciutto wrapped melons,,Red meat,Snack,N,N,N,Y,46,Melon,99,Prosciutto,,,,,,,,,,,,,,,,
81,Green pea pottage with garlic bread,,Plant based,Lunch,Y,Y,Y,Y,109,Green pea pottage,110,Garlic bread,,,,,,,,,,,,,,,,
82,"Marrow squash pottage with dill, topped with falafel",,Plant based,Lunch,Y,N,N,Y,126,Marrow squash pottage with dill,111,Falafel,,,,,,,,,,,,,,,,
83,Roasted veggie soup with toasted chickpeas and croutons,"Roasted bell peppers, tomatoes, and courgette blended with cashew nuts and nutritional yeast",Plant based,Lunch,Y,N,N,Y,127,Roasted veggie soup,112,Croutons,9,Crispy chickpeas,,,,,,,,,,,,,,
84,"Chili sin carne, tortilla",Beans with corn in a spicy tomato ragou with air-fried tortilla,Plant based,Lunch,Y,Y,Y,Y,128,Chili sin carne,20,Crispy tortilla,,,,,,,,,,,,,,,,
85,Vegetables in breadcrumbs with corn rice,"Mushrooms, broccoli and eggplants in breadcrumbs, deepfried",Plant based,Lunch,Y,N,N,Y,129,Vegetables in breadcrumbs,113,Sweetcorn rice,,,,,,,,,,,,,,,,
86,"Tofu and rice stew with paprika and fermented pickles ""rizses hús""","Hungarian meat and rice stew (meat substituted with tofu): Sautéd onions, tomatoes, red peppers and paprika with cubes of plain tofu and rice",Plant based,Lunch,Y,Y,Y,Y,130,"Tofu and rice stew with paprika ""rizses hús""",114,Fermented pickles,,,,,,,,,,,,,,,,
87,"Stuffed aubergine, vegan","Stuffed aubergine filled with a mixture of rice, lentils, onions, and spices.",Plant based,Lunch,Y,N,N,Y,131,"Stuffed aubergine, vegan",,,,,,,,,,,,,,,,,,
88,Chickpea wrap,"Mashed chickpeas and avocado, diced red onions and tomatoes with lettuce, wrapped in a whole wheat tortilla",Plant based,Lunch,Y,Y,Y,Y,132,Chickpea wrap,,,,,,,,,,,,,,,,,,
89,"Stuffed peppers, vegan","Peppers filled with a mixture of rice, beans, corn, and tomatoes, and seasoned with cumin, chili, and other spices",Plant based,Lunch,Y,Y,Y,Y,133,"Stuffed peppers, vegan",,,,,,,,,,,,,,,,,,
90,"Layered cauliflower casserole, vegan","Mashed tofu ragou with onions and paprika, steamed rice and cauliflower, topped with vegan cream",Plant based,Lunch,Y,N,Y,Y,134,"Layered cauliflower casserole, vegan",,,,,,,,,,,,,,,,,,
91,Cabbage pasta,"Sautéed onions and cabbage with wide pasta (csusza tészta), seasoned with salt and pepper",Plant based,Lunch,Y,Y,Y,Y,135,Cabbage pasta,,,,,,,,,,,,,,,,,,
92,Potato pasta with pickled beetroot,"Sautéed onions and potatoes with wide pasta (csusza tészta), seasoned with salt and pepper",Plant based,Lunch,Y,Y,Y,Y,136,Potato pasta,121,Pickled beetroot,,,,,,,,,,,,,,,,
93,"Fussili with green pesto, courgettes and chickpeas",,Plant based,Lunch,Y,N,N,Y,137,"Fusilli with green pesto, courgettes and chickpeas",,,,,,,,,,,,,,,,,,
94,"Red lentil pottage with potatoes, topped with pumpkin seeds",,Plant based,Lunch,Y,Y,Y,Y,138,Red lentil pottage,34,Pumpkin seed,,,,,,,,,,,,,,,,
95,Spinach pottage with potatoes,,Plant based,Lunch,Y,Y,Y,Y,139,Spinach pottage,115,Cooked potatoes with parsley,,,,,,,,,,,,,,,,
96,Vegan bolognese spaghetti,Lentil based vegan bolognese with nutritional yeast,Plant based,Lunch,Y,Y,Y,Y,140,Vegan bolognese spaghetti,,,,,,,,,,,,,,,,,,
97,Oven baked vegetables and tofu with tahini dressing,"Oven baked jerusalem artichokes, beetroot, carrots, cabbage and tofu cubes, finished with a tahini based dressing",Plant based,Lunch,Y,Y,Y,N,141,Oven baked vegetables and tofu,125,Tahini dressing,,,,,,,,,,,,,,,,
98,Green pea soup; Poppy seed pasta,,Plant based,Lunch,Y,Y,Y,Y,148,Green pea soup,118,Poppy seed pasta,,,,,,,,,,,,,,,,
99,Hungarian ratatuille with eggs and bread,,Egg,Lunch,Y,N,N,Y,143,Hungarian ratatuille with eggs,15,Sourdough bread,,,,,,,,,,,,,,,,
100,"Eggnoodle dish with lettuce and vinegar ""tojásos nokedli""","Small, soft dumplings coated in scrambled eggs, with a side of lettuce with a vinegar-based dressing",Egg,Lunch,Y,N,Y,Y,144,"Eggnoodle dish ""tojásos nokedli""",69,Lettuce and vinegar,,,,,,,,,,,,,,,,
101,"Layered potato casserole ""rakott krumpli""","Layered potato casserole made with sour cream, sausage, hard-boiled eggs.",Egg,Lunch,Y,Y,Y,Y,145,"Layered potato casserole ""rakott krumpli""",114,Fermented pickles,,,,,,,,,,,,,,,,
102,"Hungarian baked pasta with dairy and bacon ""túrós csusza""","A pasta dish made with quark, crispy bacon, and sour cream.",Dairy,Lunch,Y,Y,Y,Y,146,"Hungarian baked pasta with dairy and bacon ""túrós csusza""",,,,,,,,,,,,,,,,,,
103,Deep-fried cheese in breadcrumbs with sweet corn rice and salad,,Dairy,Lunch,Y,Y,Y,Y,147,Deep-fried cheese in breadcrumbs,113,Sweetcorn rice,,,,,,,,,,,,,,,,
104,Green pea soup; Sweet cottage cheese dumplings in breadcrumbs,"Cottage cheese dumplings rolled in breadcrumbs, served with sour cream and sugar",Dairy,Lunch,Y,Y,Y,Y,148,Green pea soup,117,"Sweet cottage cheese dumplings in breadcrumbs ""túrógombóc""",,,,,,,,,,,,,,,,
105,Minestrone; Hungarian pancakes stuffed with sweet cottage cheese filling,,Dairy,Lunch,N,N,Y,N,142,Minestrone,149,Hungarian pancakes stuffed with sweet cottage cheese filling,,,,,,,,,,,,,,,,
106,"Layered broccoli casserole ""rakott brokkoli""","Minced meat ragou, steamed rice and broccoli layered, topped with sour cream",Other meat,Lunch,Y,N,Y,Y,150,"Layered broccoli casserole ""rakott brokkoli""",121,Pickled beetroot,,,,,,,,,,,,,,,,
107,"Roasted catfish with rosemary, mashed potatoes and cucumber salad",Oven-baked catfish filet with butter and rosemary with cooked and mashed potatoes,Other meat,Lunch,Y,Y,Y,Y,151,Roasted catfish with rosemary,57,Mashed potatoes,218,Cucumber salad,,,,,,,,,,,,,,
108,"Catfish paprikash with baked pasta, quark, sour cream and bacon",,Other meat,Lunch,Y,Y,Y,Y,152,Catfish paprikash,146,"Hungarian baked pasta with dairy and bacon ""túrós csusza""",,,,,,,,,,,,,,,,
109,Chicken paprikash with dumplings and saurkraut,,Other meat,Lunch,Y,Y,Y,Y,153,Chicken paprikash,120,Dumplings,198,Sauerkraut,,,,,,,,,,,,,,
110,Roasted chicken thighs with cold potatosalad,,Other meat,Lunch,Y,Y,Y,Y,154,Roasted chicken thighs,175,Cold potato salad,,,,,,,,,,,,,,,,
111,"Braised liver with cooked potatoes, parsley and pickled pearl onions","Pork or beef liver, sautéed with onions, garlic and seasoned with paprika, salt, and pepper",Other meat,Lunch,Y,Y,Y,Y,155,Braised liver,122,Pickled pearl onions,115,Cooked potatoes with parsley,,,,,,,,,,,,,,
112,"Grilled pork sausage with mustard, white bread and pickles",,Red meat,Lunch,Y,Y,Y,Y,156,Grilled pork sausage,124,Mustard,114,Fermented pickles,217,White bread,,,,,,,,,,,,
113,Székely-style cabbage stew,"pork, sauerkraut, paprika, and sour cream, cooked together",Red meat,Lunch,Y,Y,Y,Y,157,Székely-style cabbage stew,217,White bread,,,,,,,,,,,,,,,,
114,Hungarin goulash suop with white bread,"beef, onions, paprika, potatoes, carrots and parsnips in a hearty soup",Red meat,Lunch,Y,Y,Y,Y,158,Hungarin goulash suop,217,White bread,,,,,,,,,,,,,,,,
115,Venison/deer stew with dumplings and pickled beetroot,,Red meat,Lunch,Y,Y,Y,Y,159,Venison/deer stew,120,Dumplings,121,Pickled beetroot,,,,,,,,,,,,,,
116,Split pea pottage with roasted mushrooms,,Plant based,Dinner,Y,Y,Y,Y,160,Split pea pottage,197,Roasted mushrooms,,,,,,,,,,,,,,,,
117,Creamy mushroom risotto,,Plant based,Dinner,Y,Y,Y,Y,161,Creamy mushroom risotto,,,,,,,,,,,,,,,,,,
118,Pasta salad with chickpeas and fresh vegetables,"Pasta, chickpeas, cucumber, bell peppers, celery sticks, pesto",Plant based,Dinner,Y,Y,Y,Y,162,Pasta salad with fresh vegetables,,,,,,,,,,,,,,,,,,
119,Chickpea curry with brown rice,,Plant based,Dinner,Y,Y,Y,Y,163,Chickpea curry,123,Steamed brown rice,,,,,,,,,,,,,,,,
120,Creamy broccoli pasta with white bean,"Cream: steamed broccoli, cashew nuts, soy drink, garlic and nutritional yeast mixed together",Plant based,Dinner,Y,N,Y,Y,164,Creamy broccoli pasta with white bean,,,,,,,,,,,,,,,,,,
121,Green pea soup; Peanut butter on toast with sour cherries,,Plant based,Dinner,Y,Y,Y,Y,148,Green pea soup,165,Peanut butter on toast with sour cherries,,,,,,,,,,,,,,,,
122,Brussels sprouts and lentil salad,"Brussels sprouts, cooked lentils, olive oil, lemon juice, garlic, salt, pepper. ",Plant based,Dinner,Y,Y,Y,Y,166,Brussels sprouts and lentil salad,,,,,,,,,,,,,,,,,,
123,Black bean burritos,"Tortillas, black beans, brown rice, avocado, lettuce, tomatoes, lime",Plant based,Dinner,Y,Y,Y,Y,167,Black bean burritos,,,,,,,,,,,,,,,,,,
124,"Tofu slices, couscous, tomato salad",,Plant based,Dinner,Y,N,N,Y,168,Tofu slices,196,Couscous,116,Tomato salad,,,,,,,,,,,,,,
125,Tortilla pizza ,"Tortilla, tomato sauce, olive oil, garlic, basil, ",Plant based,Dinner,Y,Y,Y,Y,169,Tortilla pizza ,,,,,,,,,,,,,,,,,,
126,Potato and white bean salad,,Plant based,Dinner,Y,Y,Y,Y,170,Potato and white bean salad,,,,,,,,,,,,,,,,,,
127,Veggie burger,"Black beans, breadcrumbs, garlic, onions, cumin, paprika",Plant based,Dinner,Y,Y,Y,Y,171,Veggie burger,,,,,,,,,,,,,,,,,,
128,"Baked sweet potatoes, broccoli and tofu",,Plant based,Dinner,Y,Y,Y,Y,172,Baked sweet potatoes,173,Steamed broccoli,168,Tofu slices,,,,,,,,,,,,,,
129,Eggplant spread with crackers and crispy chickpeas,,Plant based,Dinner,Y,N,N,Y,60,Eggplant spread,,,,,,,,,,,,,,,,,,
130,Buddha bowl,,Plant based,Dinner,Y,Y,Y,Y,174,Buddha bowl,106,spelt cracker,9,Crispy chickpeas,,,,,,,,,,,,,,
131,Hummus with falafel and vegetables,,Plant based,Dinner,Y,Y,Y,Y,3,"Hummus, plain",111,Falafel,76,Cucumber,116,Tomato salad,,,,,,,,,,,,
132,Pasta with zakuska and beans,,Plant based,Dinner,Y,Y,Y,Y,176,Pasta with zakuska and beans,,,,,,,,,,,,,,,,,,
133,Sautéed onions and beans with toast,,Plant based,Dinner,Y,Y,Y,Y,177,Sautéed onions and beans,2,Whole meal toast,,,,,,,,,,,,,,,,
134,Hungarian cottage cheese spread on brown bread with hot green peppers,"Cottage cheese spread with paprika, onions and ground cumin",Dairy,Dinner,Y,Y,Y,Y,178,"Hungarian cottage cheese spread ""kőrözött""",219,Brown bread,47,Hot green pepper,,,,,,,,,,,,,,
135,"Creamcheese with chives, crackers, carrots, kohlrabi",,Dairy,Dinner,Y,Y,Y,Y,179,Creamcheese,71,Carrot,68,Kohlrabi,100,bran crackers,,,,,,,,,,,,
136,Zucchini and carrot fritters with garlic yogurt,,Dairy,Dinner,Y,N,N,Y,180,Zucchini and carrot fritters with garlic yogurt,,,,,,,,,,,,,,,,,,
137,"Beetroot risotto, goat cheese",,Dairy,Dinner,Y,Y,Y,Y,181,Beetroot risotto with goat cheese,,,,,,,,,,,,,,,,,,
138,"Greek salad, croutons",,Dairy,Dinner,Y,N,N,Y,182,Greek salad,112,Croutons,,,,,,,,,,,,,,,,
139,Veggie stir-fry with eggs,,Egg,Dinner,Y,Y,Y,Y,183,Veggie stir-fry with eggs,,,,,,,,,,,,,,,,,,
140,Turkish eggs with toasted whole wheat bread,Soft boiled eggs and savoury yogurt with garlic and paprika,Egg,Dinner,Y,Y,Y,Y,184,Turkish eggs,2,Whole meal toast,,,,,,,,,,,,,,,,
141,Salad with boiled eggs,"Lettuce, tomatoes, corn, celery sticks, spring onion and hard boiled eggs with a savoury yogurt dressing",Egg,Dinner,Y,N,N,Y,185,Salad with boiled eggs,15,Sourdough bread,,,,,,,,,,,,,,,,
142,Salmon filet with sautéed vegetables,,Other meat,Dinner,Y,N,N,Y,186,Salmon filet,202,Sautéed vegetables,,,,,,,,,,,,,,,,
143,"Chicken skewers with peppers, onion, zucchini served with couscous and tzatziki",,Other meat,Dinner,Y,N,N,Y,187,"Chicken skewers with peppers, onion, zucchini",196,Couscous,200,Tzatziki,,,,,,,,,,,,,,
144,Roasted chicken wings with bulgur salad,,Other meat,Dinner,Y,N,N,Y,188,Roasted chicken wings,199,Bulgur salad,,,,,,,,,,,,,,,,
145,Duck rilette on toast with radish,,Other meat,Dinner,Y,Y,Y,N,189,Duck rilette,217,White bread,215,"Radish, red",,,,,,,,,,,,,,
146,"Frankfurter/boiled sausage with mustard, sauerkraut and rye bread",,Red meat,Dinner,Y,Y,Y,Y,190,Frankfurter,198,Sauerkraut,107,Rye bread,124,Mustard,,,,,,,,,,,,
147,Beef tartare on toast with fresh vegetables,,Red meat,Dinner,Y,Y,Y,Y,191,Beef tartare,2,Whole meal toast,220,Tomatoes,,,,,,,,,,,,,,
148,Beef and veggie soup; Bacon wrapped asparagus,,Red meat,Dinner,N,N,Y,N,192,Beef and veggie soup,195,Bacon wrapped asparagus,,,,,,,,,,,,,,,,
149,Chili con carne,,Red meat,Dinner,Y,Y,Y,Y,193,Chili con carne,20,Crispy tortilla,,,,,,,,,,,,,,,,
150,Brassói-style fried pork with potatoes,"Small cubes of pork, fried with onions and garlic, seasoned with paprika and boiled potatoes served on the side",Red meat,Dinner,Y,Y,Y,Y,194,Brassói-style fried pork,115,Cooked potatoes with parsley,122,Pickled pearl onions,,,,,,,,,,,,,,
151,,,,,,,,,,,,,,,,,,,,,,,,,,,,
152,,,,,,,,,,,,,,,,,,,,,,,,,,,,
153,,,,,,,,,,,,,,,,,,,,,,,,,,,,
154,,,,,,,,,,,,,,,,,,,,,,,,,,,,
155,,,,,,,,,,,,,,,,,,,,,,,,,,,,
156,,,,,,,,,,,,,,,,,,,,,,,,,,,,
157,,,,,,,,,,,,,,,,,,,,,,,,,,,,
158,,,,,,,,,,,,,,,,,,,,,,,,,,,,
159,,,,,,,,,,,,,,,,,,,,,,,,,,,,
160,,,,,,,,,,,,,,,,,,,,,,,,,,,,
161,,,,,,,,,,,,,,,,,,,,,,,,,,,,
162,,,,,,,,,,,,,,,,,,,,,,,,,,,,
163,,,,,,,,,,,,,,,,,,,,,,,,,,,,
164,,,,,,,,,,,,,,,,,,,,,,,,,,,,
165,,,,,,,,,,,,,,,,,,,,,,,,,,,,
166,,,,,,,,,,,,,,,,,,,,,,,,,,,,
167,,,,,,,,,,,,,,,,,,,,,,,,,,,,
168,,,,,,,,,,,,,,,,,,,,,,,,,,,,
169,,,,,,,,,,,,,,,,,,,,,,,,,,,,
170,,,,,,,,,,,,,,,,,,,,,,,,,,,,
171,,,,,,,,,,,,,,,,,,,,,,,,,,,,
172,,,,,,,,,,,,,,,,,,,,,,,,,,,,
173,,,,,,,,,,,,,,,,,,,,,,,,,,,,
174,,,,,,,,,,,,,,,,,,,,,,,,,,,,
175,,,,,,,,,,,,,,,,,,,,,,,,,,,,
176,,,,,,,,,,,,,,,,,,,,,,,,,,,,
177,,,,,,,,,,,,,,,,,,,,,,,,,,,,
178,,,,,,,,,,,,,,,,,,,,,,,,,,,,
179,,,,,,,,,,,,,,,,,,,,,,,,,,,,
180,,,,,,,,,,,,,,,,,,,,,,,,,,,,
181,,,,,,,,,,,,,,,,,,,,,,,,,,,,
182,,,,,,,,,,,,,,,,,,,,,,,,,,,,
183,,,,,,,,,,,,,,,,,,,,,,,,,,,,
184,,,,,,,,,,,,,,,,,,,,,,,,,,,,
185,,,,,,,,,,,,,,,,,,,,,,,,,,,,
186,,,,,,,,,,,,,,,,,,,,,,,,,,,,
187,,,,,,,,,,,,,,,,,,,,,,,,,,,,
188,,,,,,,,,,,,,,,,,,,,,,,,,,,,
189,,,,,,,,,,,,,,,,,,,,,,,,,,,,
190,,,,,,,,,,,,,,,,,,,,,,,,,,,,
191,,,,,,,,,,,,,,,,,,,,,,,,,,,,
192,,,,,,,,,,,,,,,,,,,,,,,,,,,,
193,,,,,,,,,,,,,,,,,,,,,,,,,,,,
194,,,,,,,,,,,,,,,,,,,,,,,,,,,,
195,,,,,,,,,,,,,,,,,,,,,,,,,,,,
196,,,,,,,,,,,,,,,,,,,,,,,,,,,,
197,,,,,,,,,,,,,,,,,,,,,,,,,,,,
198,,,,,,,,,,,,,,,,,,,,,,,,,,,,
199,,,,,,,,,,,,,,,,,,,,,,,,,,,,
200,,,,,,,,,,,,,,,,,,,,,,,,,,,,
201,,,,,,,,,,,,,,,,,,,,,,,,,,,,
202,,,,,,,,,,,,,,,,,,,,,,,,,,,,
203,,,,,,,,,,,,,,,,,,,,,,,,,,,,
204,,,,,,,,,,,,,,,,,,,,,,,,,,,,
205,,,,,,,,,,,,,,,,,,,,,,,,,,,,
206,,,,,,,,,,,,,,,,,,,,,,,,,,,,
207,,,,,,,,,,,,,,,,,,,,,,,,,,,,
208,,,,,,,,,,,,,,,,,,,,,,,,,,,,
209,,,,,,,,,,,,,,,,,,,,,,,,,,,,
210,,,,,,,,,,,,,,,,,,,,,,,,,,,,
211,,,,,,,,,,,,,,,,,,,,,,,,,,,,
212,,,,,,,,,,,,,,,,,,,,,,,,,,,,
213,,,,,,,,,,,,,,,,,,,,,,,,,,,,
214,,,,,,,,,,,,,,,,,,,,,,,,,,,,
215,,,,,,,,,,,,,,,,,,,,,,,,,,,,
216,,,,,,,,,,,,,,,,,,,,,,,,,,,,
217,,,,,,,,,,,,,,,,,,,,,,,,,,,,
218,,,,,,,,,,,,,,,,,,,,,,,,,,,,
219,,,,,,,,,,,,,,,,,,,,,,,,,,,,
220,,,,,,,,,,,,,,,,,,,,,,,,,,,,
221,,,,,,,,,,,,,,,,,,,,,,,,,,,,
222,,,,,,,,,,,,,,,,,,,,,,,,,,,,
223,,,,,,,,,,,,,,,,,,,,,,,,,,,,
224,,,,,,,,,,,,,,,,,,,,,,,,,,,,
225,,,,,,,,,,,,,,,,,,,,,,,,,,,,
226,,,,,,,,,,,,,,,,,,,,,,,,,,,,
227,,,,,,,,,,,,,,,,,,,,,,,,,,,,
228,,,,,,,,,,,,,,,,,,,,,,,,,,,,
229,,,,,,,,,,,,,,,,,,,,,,,,,,,,
230,,,,,,,,,,,,,,,,,,,,,,,,,,,,
231,,,,,,,,,,,,,,,,,,,,,,,,,,,,
232,,,,,,,,,,,,,,,,,,,,,,,,,,,,
233,,,,,,,,,,,,,,,,,,,,,,,,,,,,
234,,,,,,,,,,,,,,,,,,,,,,,,,,,,
235,,,,,,,,,,,,,,,,,,,,,,,,,,,,
236,,,,,,,,,,,,,,,,,,,,,,,,,,,,
237,,,,,,,,,,,,,,,,,,,,,,,,,,,,
238,,,,,,,,,,,,,,,,,,,,,,,,,,,,
239,,,,,,,,,,,,,,,,,,,,,,,,,,,,
240,,,,,,,,,,,,,,,,,,,,,,,,,,,,
241,,,,,,,,,,,,,,,,,,,,,,,,,,,,
242,,,,,,,,,,,,,,,,,,,,,,,,,,,,
243,,,,,,,,,,,,,,,,,,,,,,,,,,,,
244,,,,,,,,,,,,,,,,,,,,,,,,,,,,
245,,,,,,,,,,,,,,,,,,,,,,,,,,,,
246,,,,,,,,,,,,,,,,,,,,,,,,,,,,
247,,,,,,,,,,,,,,,,,,,,,,,,,,,,
248,,,,,,,,,,,,,,,,,,,,,,,,,,,,
249,,,,,,,,,,,,,,,,,,,,,,,,,,,,
250,,,,,,,,,,,,,,,,,,,,,,,,,,,,
251,,,,,,,,,,,,,,,,,,,,,,,,,,,,
252,,,,,,,,,,,,,,,,,,,,,,,,,,,,
253,,,,,,,,,,,,,,,,,,,,,,,,,,,,
254,,,,,,,,,,,,,,,,,,,,,,,,,,,,
255,,,,,,,,,,,,,,,,,,,,,,,,,,,,
256,,,,,,,,,,,,,,,,,,,,,,,,,,,,
257,,,,,,,,,,,,,,,,,,,,,,,,,,,,
258,,,,,,,,,,,,,,,,,,,,,,,,,,,,
259,,,,,,,,,,,,,,,,,,,,,,,,,,,,
260,,,,,,,,,,,,,,,,,,,,,,,,,,,,
261,,,,,,,,,,,,,,,,,,,,,,,,,,,,
262,,,,,,,,,,,,,,,,,,,,,,,,,,,,
263,,,,,,,,,,,,,,,,,,,,,,,,,,,,
264,,,,,,,,,,,,,,,,,,,,,,,,,,,,
265,,,,,,,,,,,,,,,,,,,,,,,,,,,,
266,,,,,,,,,,,,,,,,,,,,,,,,,,,,
267,,,,,,,,,,,,,,,,,,,,,,,,,,,,
268,,,,,,,,,,,,,,,,,,,,,,,,,,,,
269,,,,,,,,,,,,,,,,,,,,,,,,,,,,
270,,,,,,,,,,,,,,,,,,,,,,,,,,,,
271,,,,,,,,,,,,,,,,,,,,,,,,,,,,
272,,,,,,,,,,,,,,,,,,,,,,,,,,,,
273,,,,,,,,,,,,,,,,,,,,,,,,,,,,
274,,,,,,,,,,,,,,,,,,,,,,,,,,,,
275,,,,,,,,,,,,,,,,,,,,,,,,,,,,
276,,,,,,,,,,,,,,,,,,,,,,,,,,,,
277,,,,,,,,,,,,,,,,,,,,,,,,,,,,
278,,,,,,,,,,,,,,,,,,,,,,,,,,,,
279,,,,,,,,,,,,,,,,,,,,,,,,,,,,
280,,,,,,,,,,,,,,,,,,,,,,,,,,,,
281,,,,,,,,,,,,,,,,,,,,,,,,,,,,
282,,,,,,,,,,,,,,,,,,,,,,,,,,,,
283,,,,,,,,,,,,,,,,,,,,,,,,,,,,
284,,,,,,,,,,,,,,,,,,,,,,,,,,,,
285,,,,,,,,,,,,,,,,,,,,,,,,,,,,
286,,,,,,,,,,,,,,,,,,,,,,,,,,,,
287,,,,,,,,,,,,,,,,,,,,,,,,,,,,
288,,,,,,,,,,,,,,,,,,,,,,,,,,,,
289,,,,,,,,,,,,,,,,,,,,,,,,,,,,
290,,,,,,,,,,,,,,,,,,,,,,,,,,,,
291,,,,,,,,,,,,,,,,,,,,,,,,,,,,
292,,,,,,,,,,,,,,,,,,,,,,,,,,,,
293,,,,,,,,,,,,,,,,,,,,,,,,,,,,
294,,,,,,,,,,,,,,,,,,,,,,,,,,,,
295,,,,,,,,,,,,,,,,,,,,,,,,,,,,
296,,,,,,,,,,,,,,,,,,,,,,,,,,,,
297,,,,,,,,,,,,,,,,,,,,,,,,,,,,
298,,,,,,,,,,,,,,,,,,,,,,,,,,,,
299,,,,,,,,,,,,,,,,,,,,,,,,,,,,
300,,,,,,,,,,,,,,,,,,,,,,,,,,,,
301,,,,,,,,,,,,,,,,,,,,,,,,,,,,
302,,,,,,,,,,,,,,,,,,,,,,,,,,,,
303,,,,,,,,,,,,,,,,,,,,,,,,,,,,
304,,,,,,,,,,,,,,,,,,,,,,,,,,,,
305,,,,,,,,,,,,,,,,,,,,,,,,,,,,
306,,,,,,,,,,,,,,,,,,,,,,,,,,,,
307,,,,,,,,,,,,,,,,,,,,,,,,,,,,
308,,,,,,,,,,,,,,,,,,,,,,,,,,,,
309,,,,,,,,,,,,,,,,,,,,,,,,,,,,
310,,,,,,,,,,,,,,,,,,,,,,,,,,,,
311,,,,,,,,,,,,,,,,,,,,,,,,,,,,
312,,,,,,,,,,,,,,,,,,,,,,,,,,,,
313,,,,,,,,,,,,,,,,,,,,,,,,,,,,
314,,,,,,,,,,,,,,,,,,,,,,,,,,,,
315,,,,,,,,,,,,,,,,,,,,,,,,,,,,
316,,,,,,,,,,,,,,,,,,,,,,,,,,,,
317,,,,,,,,,,,,,,,,,,,,,,,,,,,,
318,,,,,,,,,,,,,,,,,,,,,,,,,,,,
319,,,,,,,,,,,,,,,,,,,,,,,,,,,,
320,,,,,,,,,,,,,,,,,,,,,,,,,,,,
321,,,,,,,,,,,,,,,,,,,,,,,,,,,,
322,,,,,,,,,,,,,,,,,,,,,,,,,,,,
323,,,,,,,,,,,,,,,,,,,,,,,,,,,,
324,,,,,,,,,,,,,,,,,,,,,,,,,,,,
325,,,,,,,,,,,,,,,,,,,,,,,,,,,,
326,,,,,,,,,,,,,,,,,,,,,,,,,,,,
327,,,,,,,,,,,,,,,,,,,,,,,,,,,,
328,,,,,,,,,,,,,,,,,,,,,,,,,,,,
329,,,,,,,,,,,,,,,,,,,,,,,,,,,,
330,,,,,,,,,,,,,,,,,,,,,,,,,,,,
331,,,,,,,,,,,,,,,,,,,,,,,,,,,,
332,,,,,,,,,,,,,,,,,,,,,,,,,,,,
333,,,,,,,,,,,,,,,,,,,,,,,,,,,,
334,,,,,,,,,,,,,,,,,,,,,,,,,,,,
335,,,,,,,,,,,,,,,,,,,,,,,,,,,,
336,,,,,,,,,,,,,,,,,,,,,,,,,,,,
337,,,,,,,,,,,,,,,,,,,,,,,,,,,,
338,,,,,,,,,,,,,,,,,,,,,,,,,,,,
339,,,,,,,,,,,,,,,,,,,,,,,,,,,,
340,,,,,,,,,,,,,,,,,,,,,,,,,,,,
341,,,,,,,,,,,,,,,,,,,,,,,,,,,,
342,,,,,,,,,,,,,,,,,,,,,,,,,,,,
343,,,,,,,,,,,,,,,,,,,,,,,,,,,,
344,,,,,,,,,,,,,,,,,,,,,,,,,,,,
345,,,,,,,,,,,,,,,,,,,,,,,,,,,,
346,,,,,,,,,,,,,,,,,,,,,,,,,,,,
347,,,,,,,,,,,,,,,,,,,,,,,,,,,,
348,,,,,,,,,,,,,,,,,,,,,,,,,,,,
349,,,,,,,,,,,,,,,,,,,,,,,,,,,,
350,,,,,,,,,,,,,,,,,,,,,,,,,,,,
351,,,,,,,,,,,,,,,,,,,,,,,,,,,,
352,,,,,,,,,,,,,,,,,,,,,,,,,,,,
353,,,,,,,,,,,,,,,,,,,,,,,,,,,,
354,,,,,,,,,,,,,,,,,,,,,,,,,,,,
355,,,,,,,,,,,,,,,,,,,,,,,,,,,,
356,,,,,,,,,,,,,,,,,,,,,,,,,,,,
357,,,,,,,,,,,,,,,,,,,,,,,,,,,,
358,,,,,,,,,,,,,,,,,,,,,,,,,,,,
359,,,,,,,,,,,,,,,,,,,,,,,,,,,,
360,,,,,,,,,,,,,,,,,,,,,,,,,,,,
361,,,,,,,,,,,,,,,,,,,,,,,,,,,,
362,,,,,,,,,,,,,,,,,,,,,,,,,,,,
363,,,,,,,,,,,,,,,,,,,,,,,,,,,,
364,,,,,,,,,,,,,,,,,,,,,,,,,,,,
365,,,,,,,,,,,,,,,,,,,,,,,,,,,,
366,,,,,,,,,,,,,,,,,,,,,,,,,,,,
367,,,,,,,,,,,,,,,,,,,,,,,,,,,,
368,,,,,,,,,,,,,,,,,,,,,,,,,,,,
369,,,,,,,,,,,,,,,,,,,,,,,,,,,,
370,,,,,,,,,,,,,,,,,,,,,,,,,,,,
371,,,,,,,,,,,,,,,,,,,,,,,,,,,,
372,,,,,,,,,,,,,,,,,,,,,,,,,,,,
373,,,,,,,,,,,,,,,,,,,,,,,,,,,,
374,,,,,,,,,,,,,,,,,,,,,,,,,,,,
375,,,,,,,,,,,,,,,,,,,,,,,,,,,,
376,,,,,,,,,,,,,,,,,,,,,,,,,,,,
377,,,,,,,,,,,,,,,,,,,,,,,,,,,,
378,,,,,,,,,,,,,,,,,,,,,,,,,,,,
379,,,,,,,,,,,,,,,,,,,,,,,,,,,,
380,,,,,,,,,,,,,,,,,,,,,,,,,,,,
381,,,,,,,,,,,,,,,,,,,,,,,,,,,,
382,,,,,,,,,,,,,,,,,,,,,,,,,,,,
383,,,,,,,,,,,,,,,,,,,,,,,,,,,,
384,,,,,,,,,,,,,,,,,,,,,,,,,,,,
385,,,,,,,,,,,,,,,,,,,,,,,,,,,,
386,,,,,,,,,,,,,,,,,,,,,,,,,,,,
387,,,,,,,,,,,,,,,,,,,,,,,,,,,,
388,,,,,,,,,,,,,,,,,,,,,,,,,,,,
389,,,,,,,,,,,,,,,,,,,,,,,,,,,,
390,,,,,,,,,,,,,,,,,,,,,,,,,,,,
391,,,,,,,,,,,,,,,,,,,,,,,,,,,,
392,,,,,,,,,,,,,,,,,,,,,,,,,,,,
393,,,,,,,,,,,,,,,,,,,,,,,,,,,,
394,,,,,,,,,,,,,,,,,,,,,,,,,,,,
395,,,,,,,,,,,,,,,,,,,,,,,,,,,,
396,,,,,,,,,,,,,,,,,,,,,,,,,,,,
397,,,,,,,,,,,,,,,,,,,,,,,,,,,,
398,,,,,,,,,,,,,,,,,,,,,,,,,,,,
399,,,,,,,,,,,,,,,,,,,,,,,,,,,,
400,,,,,,,,,,,,,,,,,,,,,,,,,,,,
401,,,,,,,,,,,,,,,,,,,,,,,,,,,,
402,,,,,,,,,,,,,,,,,,,,,,,,,,,,
403,,,,,,,,,,,,,,,,,,,,,,,,,,,,
404,,,,,,,,,,,,,,,,,,,,,,,,,,,,
405,,,,,,,,,,,,,,,,,,,,,,,,,,,,
406,,,,,,,,,,,,,,,,,,,,,,,,,,,,
407,,,,,,,,,,,,,,,,,,,,,,,,,,,,
408,,,,,,,,,,,,,,,,,,,,,,,,,,,,
409,,,,,,,,,,,,,,,,,,,,,,,,,,,,
410,,,,,,,,,,,,,,,,,,,,,,,,,,,,
411,,,,,,,,,,,,,,,,,,,,,,,,,,,,
412,,,,,,,,,,,,,,,,,,,,,,,,,,,,
413,,,,,,,,,,,,,,,,,,,,,,,,,,,,
414,,,,,,,,,,,,,,,,,,,,,,,,,,,,
415,,,,,,,,,,,,,,,,,,,,,,,,,,,,
416,,,,,,,,,,,,,,,,,,,,,,,,,,,,
417,,,,,,,,,,,,,,,,,,,,,,,,,,,,
418,,,,,,,,,,,,,,,,,,,,,,,,,,,,
419,,,,,,,,,,,,,,,,,,,,,,,,,,,,
420,,,,,,,,,,,,,,,,,,,,,,,,,,,,
421,,,,,,,,,,,,,,,,,,,,,,,,,,,,
422,,,,,,,,,,,,,,,,,,,,,,,,,,,,
423,,,,,,,,,,,,,,,,,,,,,,,,,,,,
424,,,,,,,,,,,,,,,,,,,,,,,,,,,,
425,,,,,,,,,,,,,,,,,,,,,,,,,,,,
426,,,,,,,,,,,,,,,,,,,,,,,,,,,,
427,,,,,,,,,,,,,,,,,,,,,,,,,,,,
428,,,,,,,,,,,,,,,,,,,,,,,,,,,,
429,,,,,,,,,,,,,,,,,,,,,,,,,,,,
430,,,,,,,,,,,,,,,,,,,,,,,,,,,,
431,,,,,,,,,,,,,,,,,,,,,,,,,,,,
432,,,,,,,,,,,,,,,,,,,,,,,,,,,,
433,,,,,,,,,,,,,,,,,,,,,,,,,,,,
434,,,,,,,,,,,,,,,,,,,,,,,,,,,,
435,,,,,,,,,,,,,,,,,,,,,,,,,,,,
436,,,,,,,,,,,,,,,,,,,,,,,,,,,,
437,,,,,,,,,,,,,,,,,,,,,,,,,,,,
438,,,,,,,,,,,,,,,,,,,,,,,,,,,,
439,,,,,,,,,,,,,,,,,,,,,,,,,,,,
440,,,,,,,,,,,,,,,,,,,,,,,,,,,,
441,,,,,,,,,,,,,,,,,,,,,,,,,,,,
442,,,,,,,,,,,,,,,,,,,,,,,,,,,,
443,,,,,,,,,,,,,,,,,,,,,,,,,,,,
444,,,,,,,,,,,,,,,,,,,,,,,,,,,,
445,,,,,,,,,,,,,,,,,,,,,,,,,,,,
446,,,,,,,,,,,,,,,,,,,,,,,,,,,,
447,,,,,,,,,,,,,,,,,,,,,,,,,,,,
448,,,,,,,,,,,,,,,,,,,,,,,,,,,,
449,,,,,,,,,,,,,,,,,,,,,,,,,,,,
450,,,,,,,,,,,,,,,,,,,,,,,,,,,,
451,,,,,,,,,,,,,,,,,,,,,,,,,,,,
452,,,,,,,,,,,,,,,,,,,,,,,,,,,,
453,,,,,,,,,,,,,,,,,,,,,,,,,,,,
454,,,,,,,,,,,,,,,,,,,,,,,,,,,,
455,,,,,,,,,,,,,,,,,,,,,,,,,,,,
456,,,,,,,,,,,,,,,,,,,,,,,,,,,,
457,,,,,,,,,,,,,,,,,,,,,,,,,,,,
458,,,,,,,,,,,,,,,,,,,,,,,,,,,,
459,,,,,,,,,,,,,,,,,,,,,,,,,,,,
460,,,,,,,,,,,,,,,,,,,,,,,,,,,,
461,,,,,,,,,,,,,,,,,,,,,,,,,,,,
462,,,,,,,,,,,,,,,,,,,,,,,,,,,,
463,,,,,,,,,,,,,,,,,,,,,,,,,,,,
464,,,,,,,,,,,,,,,,,,,,,,,,,,,,
465,,,,,,,,,,,,,,,,,,,,,,,,,,,,
466,,,,,,,,,,,,,,,,,,,,,,,,,,,,
467,,,,,,,,,,,,,,,,,,,,,,,,,,,,
468,,,,,,,,,,,,,,,,,,,,,,,,,,,,
469,,,,,,,,,,,,,,,,,,,,,,,,,,,,
470,,,,,,,,,,,,,,,,,,,,,,,,,,,,
471,,,,,,,,,,,,,,,,,,,,,,,,,,,,
472,,,,,,,,,,,,,,,,,,,,,,,,,,,,
473,,,,,,,,,,,,,,,,,,,,,,,,,,,,
474,,,,,,,,,,,,,,,,,,,,,,,,,,,,
475,,,,,,,,,,,,,,,,,,,,,,,,,,,,
476,,,,,,,,,,,,,,,,,,,,,,,,,,,,
477,,,,,,,,,,,,,,,,,,,,,,,,,,,,
478,,,,,,,,,,,,,,,,,,,,,,,,,,,,
479,,,,,,,,,,,,,,,,,,,,,,,,,,,,
480,,,,,,,,,,,,,,,,,,,,,,,,,,,,
481,,,,,,,,,,,,,,,,,,,,,,,,,,,,
482,,,,,,,,,,,,,,,,,,,,,,,,,,,,
483,,,,,,,,,,,,,,,,,,,,,,,,,,,,
484,,,,,,,,,,,,,,,,,,,,,,,,,,,,
485,,,,,,,,,,,,,,,,,,,,,,,,,,,,
486,,,,,,,,,,,,,,,,,,,,,,,,,,,,
487,,,,,,,,,,,,,,,,,,,,,,,,,,,,
488,,,,,,,,,,,,,,,,,,,,,,,,,,,,
489,,,,,,,,,,,,,,,,,,,,,,,,,,,,
490,,,,,,,,,,,,,,,,,,,,,,,,,,,,
491,,,,,,,,,,,,,,,,,,,,,,,,,,,,
492,,,,,,,,,,,,,,,,,,,,,,,,,,,,
493,,,,,,,,,,,,,,,,,,,,,,,,,,,,
494,,,,,,,,,,,,,,,,,,,,,,,,,,,,
495,,,,,,,,,,,,,,,,,,,,,,,,,,,,
496,,,,,,,,,,,,,,,,,,,,,,,,,,,,
497,,,,,,,,,,,,,,,,,,,,,,,,,,,,
498,,,,,,,,,,,,,,,,,,,,,,,,,,,,
499,,,,,,,,,,,,,,,,,,,,,,,,,,,,
500,,,,,,,,,,,,,,,,,,,,,,,,,,,,
501,,,,,,,,,,,,,,,,,,,,,,,,,,,,
502,,,,,,,,,,,,,,,,,,,,,,,,,,,,
503,,,,,,,,,,,,,,,,,,,,,,,,,,,,
504,,,,,,,,,,,,,,,,,,,,,,,,,,,,
505,,,,,,,,,,,,,,,,,,,,,,,,,,,,
506,,,,,,,,,,,,,,,,,,,,,,,,,,,,
507,,,,,,,,,,,,,,,,,,,,,,,,,,,,
508,,,,,,,,,,,,,,,,,,,,,,,,,,,,
509,,,,,,,,,,,,,,,,,,,,,,,,,,,,
510,,,,,,,,,,,,,,,,,,,,,,,,,,,,
511,,,,,,,,,,,,,,,,,,,,,,,,,,,,
512,,,,,,,,,,,,,,,,,,,,,,,,,,,,
513,,,,,,,,,,,,,,,,,,,,,,,,,,,,
514,,,,,,,,,,,,,,,,,,,,,,,,,,,,
515,,,,,,,,,,,,,,,,,,,,,,,,,,,,
516,,,,,,,,,,,,,,,,,,,,,,,,,,,,
517,,,,,,,,,,,,,,,,,,,,,,,,,,,,
518,,,,,,,,,,,,,,,,,,,,,,,,,,,,
519,,,,,,,,,,,,,,,,,,,,,,,,,,,,
520,,,,,,,,,,,,,,,,,,,,,,,,,,,,
521,,,,,,,,,,,,,,,,,,,,,,,,,,,,
522,,,,,,,,,,,,,,,,,,,,,,,,,,,,
523,,,,,,,,,,,,,,,,,,,,,,,,,,,,
524,,,,,,,,,,,,,,,,,,,,,,,,,,,,
525,,,,,,,,,,,,,,,,,,,,,,,,,,,,
526,,,,,,,,,,,,,,,,,,,,,,,,,,,,
527,,,,,,,,,,,,,,,,,,,,,,,,,,,,
528,,,,,,,,,,,,,,,,,,,,,,,,,,,,
529,,,,,,,,,,,,,,,,,,,,,,,,,,,,
530,,,,,,,,,,,,,,,,,,,,,,,,,,,,
531,,,,,,,,,,,,,,,,,,,,,,,,,,,,
532,,,,,,,,,,,,,,,,,,,,,,,,,,,,
533,,,,,,,,,,,,,,,,,,,,,,,,,,,,
534,,,,,,,,,,,,,,,,,,,,,,,,,,,,
535,,,,,,,,,,,,,,,,,,,,,,,,,,,,
536,,,,,,,,,,,,,,,,,,,,,,,,,,,,
537,,,,,,,,,,,,,,,,,,,,,,,,,,,,
538,,,,,,,,,,,,,,,,,,,,,,,,,,,,
539,,,,,,,,,,,,,,,,,,,,,,,,,,,,
540,,,,,,,,,,,,,,,,,,,,,,,,,,,,
541,,,,,,,,,,,,,,,,,,,,,,,,,,,,
542,,,,,,,,,,,,,,,,,,,,,,,,,,,,
543,,,,,,,,,,,,,,,,,,,,,,,,,,,,
544,,,,,,,,,,,,,,,,,,,,,,,,,,,,
545,,,,,,,,,,,,,,,,,,,,,,,,,,,,
546,,,,,,,,,,,,,,,,,,,,,,,,,,,,
547,,,,,,,,,,,,,,,,,,,,,,,,,,,,
548,,,,,,,,,,,,,,,,,,,,,,,,,,,,
549,,,,,,,,,,,,,,,,,,,,,,,,,,,,
550,,,,,,,,,,,,,,,,,,,,,,,,,,,,
551,,,,,,,,,,,,,,,,,,,,,,,,,,,,
552,,,,,,,,,,,,,,,,,,,,,,,,,,,,
553,,,,,,,,,,,,,,,,,,,,,,,,,,,,
554,,,,,,,,,,,,,,,,,,,,,,,,,,,,
555,,,,,,,,,,,,,,,,,,,,,,,,,,,,
556,,,,,,,,,,,,,,,,,,,,,,,,,,,,
557,,,,,,,,,,,,,,,,,,,,,,,,,,,,
558,,,,,,,,,,,,,,,,,,,,,,,,,,,,
559,,,,,,,,,,,,,,,,,,,,,,,,,,,,
560,,,,,,,,,,,,,,,,,,,,,,,,,,,,
561,,,,,,,,,,,,,,,,,,,,,,,,,,,,
562,,,,,,,,,,,,,,,,,,,,,,,,,,,,
563,,,,,,,,,,,,,,,,,,,,,,,,,,,,
564,,,,,,,,,,,,,,,,,,,,,,,,,,,,
565,,,,,,,,,,,,,,,,,,,,,,,,,,,,
566,,,,,,,,,,,,,,,,,,,,,,,,,,,,
567,,,,,,,,,,,,,,,,,,,,,,,,,,,,
568,,,,,,,,,,,,,,,,,,,,,,,,,,,,
569,,,,,,,,,,,,,,,,,,,,,,,,,,,,
570,,,,,,,,,,,,,,,,,,,,,,,,,,,,
571,,,,,,,,,,,,,,,,,,,,,,,,,,,,
572,,,,,,,,,,,,,,,,,,,,,,,,,,,,
573,,,,,,,,,,,,,,,,,,,,,,,,,,,,
574,,,,,,,,,,,,,,,,,,,,,,,,,,,,
575,,,,,,,,,,,,,,,,,,,,,,,,,,,,
576,,,,,,,,,,,,,,,,,,,,,,,,,,,,
577,,,,,,,,,,,,,,,,,,,,,,,,,,,,
578,,,,,,,,,,,,,,,,,,,,,,,,,,,,
579,,,,,,,,,,,,,,,,,,,,,,,,,,,,
580,,,,,,,,,,,,,,,,,,,,,,,,,,,,
581,,,,,,,,,,,,,,,,,,,,,,,,,,,,
582,,,,,,,,,,,,,,,,,,,,,,,,,,,,
583,,,,,,,,,,,,,,,,,,,,,,,,,,,,
584,,,,,,,,,,,,,,,,,,,,,,,,,,,,
585,,,,,,,,,,,,,,,,,,,,,,,,,,,,
586,,,,,,,,,,,,,,,,,,,,,,,,,,,,
587,,,,,,,,,,,,,,,,,,,,,,,,,,,,
588,,,,,,,,,,,,,,,,,,,,,,,,,,,,
589,,,,,,,,,,,,,,,,,,,,,,,,,,,,
590,,,,,,,,,,,,,,,,,,,,,,,,,,,,
591,,,,,,,,,,,,,,,,,,,,,,,,,,,,
592,,,,,,,,,,,,,,,,,,,,,,,,,,,,
593,,,,,,,,,,,,,,,,,,,,,,,,,,,,
594,,,,,,,,,,,,,,,,,,,,,,,,,,,,
595,,,,,,,,,,,,,,,,,,,,,,,,,,,,
596,,,,,,,,,,,,,,,,,,,,,,,,,,,,
597,,,,,,,,,,,,,,,,,,,,,,,,,,,,
598,,,,,,,,,,,,,,,,,,,,,,,,,,,,
599,,,,,,,,,,,,,,,,,,,,,,,,,,,,
600,,,,,,,,,,,,,,,,,,,,,,,,,,,,
601,,,,,,,,,,,,,,,,,,,,,,,,,,,,
602,,,,,,,,,,,,,,,,,,,,,,,,,,,,
603,,,,,,,,,,,,,,,,,,,,,,,,,,,,
604,,,,,,,,,,,,,,,,,,,,,,,,,,,,
605,,,,,,,,,,,,,,,,,,,,,,,,,,,,
606,,,,,,,,,,,,,,,,,,,,,,,,,,,,
607,,,,,,,,,,,,,,,,,,,,,,,,,,,,
608,,,,,,,,,,,,,,,,,,,,,,,,,,,,
609,,,,,,,,,,,,,,,,,,,,,,,,,,,,
610,,,,,,,,,,,,,,,,,,,,,,,,,,,,
611,,,,,,,,,,,,,,,,,,,,,,,,,,,,
612,,,,,,,,,,,,,,,,,,,,,,,,,,,,
613,,,,,,,,,,,,,,,,,,,,,,,,,,,,
614,,,,,,,,,,,,,,,,,,,,,,,,,,,,
615,,,,,,,,,,,,,,,,,,,,,,,,,,,,
616,,,,,,,,,,,,,,,,,,,,,,,,,,,,
617,,,,,,,,,,,,,,,,,,,,,,,,,,,,
618,,,,,,,,,,,,,,,,,,,,,,,,,,,,
619,,,,,,,,,,,,,,,,,,,,,,,,,,,,
620,,,,,,,,,,,,,,,,,,,,,,,,,,,,
621,,,,,,,,,,,,,,,,,,,,,,,,,,,,
622,,,,,,,,,,,,,,,,,,,,,,,,,,,,
623,,,,,,,,,,,,,,,,,,,,,,,,,,,,
624,,,,,,,,,,,,,,,,,,,,,,,,,,,,
625,,,,,,,,,,,,,,,,,,,,,,,,,,,,
626,,,,,,,,,,,,,,,,,,,,,,,,,,,,
627,,,,,,,,,,,,,,,,,,,,,,,,,,,,
628,,,,,,,,,,,,,,,,,,,,,,,,,,,,
629,,,,,,,,,,,,,,,,,,,,,,,,,,,,
630,,,,,,,,,,,,,,,,,,,,,,,,,,,,
631,,,,,,,,,,,,,,,,,,,,,,,,,,,,
632,,,,,,,,,,,,,,,,,,,,,,,,,,,,
633,,,,,,,,,,,,,,,,,,,,,,,,,,,,
634,,,,,,,,,,,,,,,,,,,,,,,,,,,,
635,,,,,,,,,,,,,,,,,,,,,,,,,,,,
636,,,,,,,,,,,,,,,,,,,,,,,,,,,,
637,,,,,,,,,,,,,,,,,,,,,,,,,,,,
638,,,,,,,,,,,,,,,,,,,,,,,,,,,,
639,,,,,,,,,,,,,,,,,,,,,,,,,,,,
640,,,,,,,,,,,,,,,,,,,,,,,,,,,,
641,,,,,,,,,,,,,,,,,,,,,,,,,,,,
642,,,,,,,,,,,,,,,,,,,,,,,,,,,,
643,,,,,,,,,,,,,,,,,,,,,,,,,,,,
644,,,,,,,,,,,,,,,,,,,,,,,,,,,,
645,,,,,,,,,,,,,,,,,,,,,,,,,,,,
646,,,,,,,,,,,,,,,,,,,,,,,,,,,,
647,,,,,,,,,,,,,,,,,,,,,,,,,,,,
648,,,,,,,,,,,,,,,,,,,,,,,,,,,,
649,,,,,,,,,,,,,,,,,,,,,,,,,,,,
650,,,,,,,,,,,,,,,,,,,,,,,,,,,,
651,,,,,,,,,,,,,,,,,,,,,,,,,,,,
652,,,,,,,,,,,,,,,,,,,,,,,,,,,,
653,,,,,,,,,,,,,,,,,,,,,,,,,,,,
654,,,,,,,,,,,,,,,,,,,,,,,,,,,,
655,,,,,,,,,,,,,,,,,,,,,,,,,,,,
656,,,,,,,,,,,,,,,,,,,,,,,,,,,,
657,,,,,,,,,,,,,,,,,,,,,,,,,,,,
658,,,,,,,,,,,,,,,,,,,,,,,,,,,,
659,,,,,,,,,,,,,,,,,,,,,,,,,,,,
660,,,,,,,,,,,,,,,,,,,,,,,,,,,,
661,,,,,,,,,,,,,,,,,,,,,,,,,,,,
662,,,,,,,,,,,,,,,,,,,,,,,,,,,,
663,,,,,,,,,,,,,,,,,,,,,,,,,,,,
664,,,,,,,,,,,,,,,,,,,,,,,,,,,,
665,,,,,,,,,,,,,,,,,,,,,,,,,,,,
666,,,,,,,,,,,,,,,,,,,,,,,,,,,,
667,,,,,,,,,,,,,,,,,,,,,,,,,,,,
668,,,,,,,,,,,,,,,,,,,,,,,,,,,,
669,,,,,,,,,,,,,,,,,,,,,,,,,,,,
670,,,,,,,,,,,,,,,,,,,,,,,,,,,,
671,,,,,,,,,,,,,,,,,,,,,,,,,,,,
672,,,,,,,,,,,,,,,,,,,,,,,,,,,,
673,,,,,,,,,,,,,,,,,,,,,,,,,,,,
674,,,,,,,,,,,,,,,,,,,,,,,,,,,,
675,,,,,,,,,,,,,,,,,,,,,,,,,,,,
676,,,,,,,,,,,,,,,,,,,,,,,,,,,,
677,,,,,,,,,,,,,,,,,,,,,,,,,,,,
678,,,,,,,,,,,,,,,,,,,,,,,,,,,,
679,,,,,,,,,,,,,,,,,,,,,,,,,,,,
680,,,,,,,,,,,,,,,,,,,,,,,,,,,,
681,,,,,,,,,,,,,,,,,,,,,,,,,,,,
682,,,,,,,,,,,,,,,,,,,,,,,,,,,,
683,,,,,,,,,,,,,,,,,,,,,,,,,,,,
684,,,,,,,,,,,,,,,,,,,,,,,,,,,,
685,,,,,,,,,,,,,,,,,,,,,,,,,,,,
686,,,,,,,,,,,,,,,,,,,,,,,,,,,,
687,,,,,,,,,,,,,,,,,,,,,,,,,,,,
688,,,,,,,,,,,,,,,,,,,,,,,,,,,,
689,,,,,,,,,,,,,,,,,,,,,,,,,,,,
690,,,,,,,,,,,,,,,,,,,,,,,,,,,,
691,,,,,,,,,,,,,,,,,,,,,,,,,,,,
692,,,,,,,,,,,,,,,,,,,,,,,,,,,,
693,,,,,,,,,,,,,,,,,,,,,,,,,,,,
694,,,,,,,,,,,,,,,,,,,,,,,,,,,,
695,,,,,,,,,,,,,,,,,,,,,,,,,,,,
696,,,,,,,,,,,,,,,,,,,,,,,,,,,,
697,,,,,,,,,,,,,,,,,,,,,,,,,,,,
698,,,,,,,,,,,,,,,,,,,,,,,,,,,,
699,,,,,,,,,,,,,,,,,,,,,,,,,,,,
700,,,,,,,,,,,,,,,,,,,,,,,,,,,,
701,,,,,,,,,,,,,,,,,,,,,,,,,,,,
702,,,,,,,,,,,,,,,,,,,,,,,,,,,,
703,,,,,,,,,,,,,,,,,,,,,,,,,,,,
704,,,,,,,,,,,,,,,,,,,,,,,,,,,,
705,,,,,,,,,,,,,,,,,,,,,,,,,,,,
706,,,,,,,,,,,,,,,,,,,,,,,,,,,,
707,,,,,,,,,,,,,,,,,,,,,,,,,,,,
708,,,,,,,,,,,,,,,,,,,,,,,,,,,,
709,,,,,,,,,,,,,,,,,,,,,,,,,,,,
710,,,,,,,,,,,,,,,,,,,,,,,,,,,,
711,,,,,,,,,,,,,,,,,,,,,,,,,,,,
712,,,,,,,,,,,,,,,,,,,,,,,,,,,,
713,,,,,,,,,,,,,,,,,,,,,,,,,,,,
714,,,,,,,,,,,,,,,,,,,,,,,,,,,,
715,,,,,,,,,,,,,,,,,,,,,,,,,,,,
716,,,,,,,,,,,,,,,,,,,,,,,,,,,,
717,,,,,,,,,,,,,,,,,,,,,,,,,,,,
718,,,,,,,,,,,,,,,,,,,,,,,,,,,,
719,,,,,,,,,,,,,,,,,,,,,,,,,,,,
720,,,,,,,,,,,,,,,,,,,,,,,,,,,,
721,,,,,,,,,,,,,,,,,,,,,,,,,,,,
722,,,,,,,,,,,,,,,,,,,,,,,,,,,,
723,,,,,,,,,,,,,,,,,,,,,,,,,,,,
724,,,,,,,,,,,,,,,,,,,,,,,,,,,,
725,,,,,,,,,,,,,,,,,,,,,,,,,,,,
726,,,,,,,,,,,,,,,,,,,,,,,,,,,,
727,,,,,,,,,,,,,,,,,,,,,,,,,,,,
728,,,,,,,,,,,,,,,,,,,,,,,,,,,,
729,,,,,,,,,,,,,,,,,,,,,,,,,,,,
730,,,,,,,,,,,,,,,,,,,,,,,,,,,,
731,,,,,,,,,,,,,,,,,,,,,,,,,,,,
732,,,,,,,,,,,,,,,,,,,,,,,,,,,,
733,,,,,,,,,,,,,,,,,,,,,,,,,,,,
734,,,,,,,,,,,,,,,,,,,,,,,,,,,,
735,,,,,,,,,,,,,,,,,,,,,,,,,,,,
736,,,,,,,,,,,,,,,,,,,,,,,,,,,,
737,,,,,,,,,,,,,,,,,,,,,,,,,,,,
738,,,,,,,,,,,,,,,,,,,,,,,,,,,,
739,,,,,,,,,,,,,,,,,,,,,,,,,,,,
740,,,,,,,,,,,,,,,,,,,,,,,,,,,,
741,,,,,,,,,,,,,,,,,,,,,,,,,,,,
742,,,,,,,,,,,,,,,,,,,,,,,,,,,,
743,,,,,,,,,,,,,,,,,,,,,,,,,,,,
744,,,,,,,,,,,,,,,,,,,,,,,,,,,,
745,,,,,,,,,,,,,,,,,,,,,,,,,,,,
746,,,,,,,,,,,,,,,,,,,,,,,,,,,,
747,,,,,,,,,,,,,,,,,,,,,,,,,,,,
748,,,,,,,,,,,,,,,,,,,,,,,,,,,,
749,,,,,,,,,,,,,,,,,,,,,,,,,,,,
750,,,,,,,,,,,,,,,,,,,,,,,,,,,,
751,,,,,,,,,,,,,,,,,,,,,,,,,,,,
752,,,,,,,,,,,,,,,,,,,,,,,,,,,,
753,,,,,,,,,,,,,,,,,,,,,,,,,,,,
754,,,,,,,,,,,,,,,,,,,,,,,,,,,,
755,,,,,,,,,,,,,,,,,,,,,,,,,,,,
756,,,,,,,,,,,,,,,,,,,,,,,,,,,,
757,,,,,,,,,,,,,,,,,,,,,,,,,,,,
758,,,,,,,,,,,,,,,,,,,,,,,,,,,,
759,,,,,,,,,,,,,,,,,,,,,,,,,,,,
760,,,,,,,,,,,,,,,,,,,,,,,,,,,,
761,,,,,,,,,,,,,,,,,,,,,,,,,,,,
762,,,,,,,,,,,,,,,,,,,,,,,,,,,,
763,,,,,,,,,,,,,,,,,,,,,,,,,,,,
764,,,,,,,,,,,,,,,,,,,,,,,,,,,,
765,,,,,,,,,,,,,,,,,,,,,,,,,,,,
766,,,,,,,,,,,,,,,,,,,,,,,,,,,,
767,,,,,,,,,,,,,,,,,,,,,,,,,,,,
768,,,,,,,,,,,,,,,,,,,,,,,,,,,,
769,,,,,,,,,,,,,,,,,,,,,,,,,,,,
770,,,,,,,,,,,,,,,,,,,,,,,,,,,,
771,,,,,,,,,,,,,,,,,,,,,,,,,,,,
772,,,,,,,,,,,,,,,,,,,,,,,,,,,,
773,,,,,,,,,,,,,,,,,,,,,,,,,,,,
774,,,,,,,,,,,,,,,,,,,,,,,,,,,,
775,,,,,,,,,,,,,,,,,,,,,,,,,,,,
776,,,,,,,,,,,,,,,,,,,,,,,,,,,,
777,,,,,,,,,,,,,,,,,,,,,,,,,,,,
778,,,,,,,,,,,,,,,,,,,,,,,,,,,,
779,,,,,,,,,,,,,,,,,,,,,,,,,,,,
780,,,,,,,,,,,,,,,,,,,,,,,,,,,,
781,,,,,,,,,,,,,,,,,,,,,,,,,,,,
782,,,,,,,,,,,,,,,,,,,,,,,,,,,,
783,,,,,,,,,,,,,,,,,,,,,,,,,,,,
784,,,,,,,,,,,,,,,,,,,,,,,,,,,,
785,,,,,,,,,,,,,,,,,,,,,,,,,,,,
786,,,,,,,,,,,,,,,,,,,,,,,,,,,,
787,,,,,,,,,,,,,,,,,,,,,,,,,,,,
788,,,,,,,,,,,,,,,,,,,,,,,,,,,,
789,,,,,,,,,,,,,,,,,,,,,,,,,,,,
790,,,,,,,,,,,,,,,,,,,,,,,,,,,,
791,,,,,,,,,,,,,,,,,,,,,,,,,,,,
792,,,,,,,,,,,,,,,,,,,,,,,,,,,,
793,,,,,,,,,,,,,,,,,,,,,,,,,,,,
794,,,,,,,,,,,,,,,,,,,,,,,,,,,,
795,,,,,,,,,,,,,,,,,,,,,,,,,,,,
796,,,,,,,,,,,,,,,,,,,,,,,,,,,,
797,,,,,,,,,,,,,,,,,,,,,,,,,,,,
798,,,,,,,,,,,,,,,,,,,,,,,,,,,,
799,,,,,,,,,,,,,,,,,,,,,,,,,,,,
800,,,,,,,,,,,,,,,,,,,,,,,,,,,,
801,,,,,,,,,,,,,,,,,,,,,,,,,,,,
802,,,,,,,,,,,,,,,,,,,,,,,,,,,,
803,,,,,,,,,,,,,,,,,,,,,,,,,,,,
804,,,,,,,,,,,,,,,,,,,,,,,,,,,,
805,,,,,,,,,,,,,,,,,,,,,,,,,,,,
806,,,,,,,,,,,,,,,,,,,,,,,,,,,,
807,,,,,,,,,,,,,,,,,,,,,,,,,,,,
808,,,,,,,,,,,,,,,,,,,,,,,,,,,,
809,,,,,,,,,,,,,,,,,,,,,,,,,,,,
810,,,,,,,,,,,,,,,,,,,,,,,,,,,,
811,,,,,,,,,,,,,,,,,,,,,,,,,,,,
812,,,,,,,,,,,,,,,,,,,,,,,,,,,,
813,,,,,,,,,,,,,,,,,,,,,,,,,,,,
814,,,,,,,,,,,,,,,,,,,,,,,,,,,,
815,,,,,,,,,,,,,,,,,,,,,,,,,,,,
816,,,,,,,,,,,,,,,,,,,,,,,,,,,,
817,,,,,,,,,,,,,,,,,,,,,,,,,,,,
818,,,,,,,,,,,,,,,,,,,,,,,,,,,,
819,,,,,,,,,,,,,,,,,,,,,,,,,,,,
820,,,,,,,,,,,,,,,,,,,,,,,,,,,,
821,,,,,,,,,,,,,,,,,,,,,,,,,,,,
822,,,,,,,,,,,,,,,,,,,,,,,,,,,,
823,,,,,,,,,,,,,,,,,,,,,,,,,,,,
824,,,,,,,,,,,,,,,,,,,,,,,,,,,,
825,,,,,,,,,,,,,,,,,,,,,,,,,,,,
826,,,,,,,,,,,,,,,,,,,,,,,,,,,,
827,,,,,,,,,,,,,,,,,,,,,,,,,,,,
828,,,,,,,,,,,,,,,,,,,,,,,,,,,,
829,,,,,,,,,,,,,,,,,,,,,,,,,,,,
830,,,,,,,,,,,,,,,,,,,,,,,,,,,,
831,,,,,,,,,,,,,,,,,,,,,,,,,,,,
832,,,,,,,,,,,,,,,,,,,,,,,,,,,,
833,,,,,,,,,,,,,,,,,,,,,,,,,,,,
834,,,,,,,,,,,,,,,,,,,,,,,,,,,,
835,,,,,,,,,,,,,,,,,,,,,,,,,,,,
836,,,,,,,,,,,,,,,,,,,,,,,,,,,,
837,,,,,,,,,,,,,,,,,,,,,,,,,,,,
838,,,,,,,,,,,,,,,,,,,,,,,,,,,,
839,,,,,,,,,,,,,,,,,,,,,,,,,,,,
840,,,,,,,,,,,,,,,,,,,,,,,,,,,,
841,,,,,,,,,,,,,,,,,,,,,,,,,,,,
842,,,,,,,,,,,,,,,,,,,,,,,,,,,,
843,,,,,,,,,,,,,,,,,,,,,,,,,,,,
844,,,,,,,,,,,,,,,,,,,,,,,,,,,,
845,,,,,,,,,,,,,,,,,,,,,,,,,,,,
846,,,,,,,,,,,,,,,,,,,,,,,,,,,,
847,,,,,,,,,,,,,,,,,,,,,,,,,,,,
848,,,,,,,,,,,,,,,,,,,,,,,,,,,,
849,,,,,,,,,,,,,,,,,,,,,,,,,,,,
850,,,,,,,,,,,,,,,,,,,,,,,,,,,,
851,,,,,,,,,,,,,,,,,,,,,,,,,,,,
852,,,,,,,,,,,,,,,,,,,,,,,,,,,,
853,,,,,,,,,,,,,,,,,,,,,,,,,,,,
854,,,,,,,,,,,,,,,,,,,,,,,,,,,,
855,,,,,,,,,,,,,,,,,,,,,,,,,,,,
856,,,,,,,,,,,,,,,,,,,,,,,,,,,,
857,,,,,,,,,,,,,,,,,,,,,,,,,,,,
858,,,,,,,,,,,,,,,,,,,,,,,,,,,,
859,,,,,,,,,,,,,,,,,,,,,,,,,,,,
860,,,,,,,,,,,,,,,,,,,,,,,,,,,,
861,,,,,,,,,,,,,,,,,,,,,,,,,,,,
862,,,,,,,,,,,,,,,,,,,,,,,,,,,,
863,,,,,,,,,,,,,,,,,,,,,,,,,,,,
864,,,,,,,,,,,,,,,,,,,,,,,,,,,,
865,,,,,,,,,,,,,,,,,,,,,,,,,,,,
866,,,,,,,,,,,,,,,,,,,,,,,,,,,,
867,,,,,,,,,,,,,,,,,,,,,,,,,,,,
868,,,,,,,,,,,,,,,,,,,,,,,,,,,,
869,,,,,,,,,,,,,,,,,,,,,,,,,,,,
870,,,,,,,,,,,,,,,,,,,,,,,,,,,,
871,,,,,,,,,,,,,,,,,,,,,,,,,,,,
872,,,,,,,,,,,,,,,,,,,,,,,,,,,,
873,,,,,,,,,,,,,,,,,,,,,,,,,,,,
874,,,,,,,,,,,,,,,,,,,,,,,,,,,,
875,,,,,,,,,,,,,,,,,,,,,,,,,,,,
876,,,,,,,,,,,,,,,,,,,,,,,,,,,,
877,,,,,,,,,,,,,,,,,,,,,,,,,,,,
878,,,,,,,,,,,,,,,,,,,,,,,,,,,,
879,,,,,,,,,,,,,,,,,,,,,,,,,,,,
880,,,,,,,,,,,,,,,,,,,,,,,,,,,,
881,,,,,,,,,,,,,,,,,,,,,,,,,,,,
882,,,,,,,,,,,,,,,,,,,,,,,,,,,,
883,,,,,,,,,,,,,,,,,,,,,,,,,,,,
884,,,,,,,,,,,,,,,,,,,,,,,,,,,,
885,,,,,,,,,,,,,,,,,,,,,,,,,,,,
886,,,,,,,,,,,,,,,,,,,,,,,,,,,,
887,,,,,,,,,,,,,,,,,,,,,,,,,,,,
888,,,,,,,,,,,,,,,,,,,,,,,,,,,,
889,,,,,,,,,,,,,,,,,,,,,,,,,,,,
890,,,,,,,,,,,,,,,,,,,,,,,,,,,,
891,,,,,,,,,,,,,,,,,,,,,,,,,,,,
892,,,,,,,,,,,,,,,,,,,,,,,,,,,,
893,,,,,,,,,,,,,,,,,,,,,,,,,,,,
894,,,,,,,,,,,,,,,,,,,,,,,,,,,,
895,,,,,,,,,,,,,,,,,,,,,,,,,,,,
896,,,,,,,,,,,,,,,,,,,,,,,,,,,,
897,,,,,,,,,,,,,,,,,,,,,,,,,,,,
898,,,,,,,,,,,,,,,,,,,,,,,,,,,,
899,,,,,,,,,,,,,,,,,,,,,,,,,,,,
900,,,,,,,,,,,,,,,,,,,,,,,,,,,,
901,,,,,,,,,,,,,,,,,,,,,,,,,,,,
902,,,,,,,,,,,,,,,,,,,,,,,,,,,,
903,,,,,,,,,,,,,,,,,,,,,,,,,,,,
904,,,,,,,,,,,,,,,,,,,,,,,,,,,,
905,,,,,,,,,,,,,,,,,,,,,,,,,,,,
906,,,,,,,,,,,,,,,,,,,,,,,,,,,,
907,,,,,,,,,,,,,,,,,,,,,,,,,,,,
908,,,,,,,,,,,,,,,,,,,,,,,,,,,,
909,,,,,,,,,,,,,,,,,,,,,,,,,,,,
910,,,,,,,,,,,,,,,,,,,,,,,,,,,,
911,,,,,,,,,,,,,,,,,,,,,,,,,,,,
912,,,,,,,,,,,,,,,,,,,,,,,,,,,,
913,,,,,,,,,,,,,,,,,,,,,,,,,,,,
914,,,,,,,,,,,,,,,,,,,,,,,,,,,,
915,,,,,,,,,,,,,,,,,,,,,,,,,,,,
916,,,,,,,,,,,,,,,,,,,,,,,,,,,,
917,,,,,,,,,,,,,,,,,,,,,,,,,,,,
918,,,,,,,,,,,,,,,,,,,,,,,,,,,,
919,,,,,,,,,,,,,,,,,,,,,,,,,,,,
920,,,,,,,,,,,,,,,,,,,,,,,,,,,,
921,,,,,,,,,,,,,,,,,,,,,,,,,,,,
922,,,,,,,,,,,,,,,,,,,,,,,,,,,,
923,,,,,,,,,,,,,,,,,,,,,,,,,,,,
924,,,,,,,,,,,,,,,,,,,,,,,,,,,,
925,,,,,,,,,,,,,,,,,,,,,,,,,,,,
926,,,,,,,,,,,,,,,,,,,,,,,,,,,,
927,,,,,,,,,,,,,,,,,,,,,,,,,,,,
928,,,,,,,,,,,,,,,,,,,,,,,,,,,,
929,,,,,,,,,,,,,,,,,,,,,,,,,,,,
930,,,,,,,,,,,,,,,,,,,,,,,,,,,,
931,,,,,,,,,,,,,,,,,,,,,,,,,,,,
932,,,,,,,,,,,,,,,,,,,,,,,,,,,,
933,,,,,,,,,,,,,,,,,,,,,,,,,,,,
934,,,,,,,,,,,,,,,,,,,,,,,,,,,,
935,,,,,,,,,,,,,,,,,,,,,,,,,,,,
936,,,,,,,,,,,,,,,,,,,,,,,,,,,,
937,,,,,,,,,,,,,,,,,,,,,,,,,,,,
938,,,,,,,,,,,,,,,,,,,,,,,,,,,,
939,,,,,,,,,,,,,,,,,,,,,,,,,,,,
940,,,,,,,,,,,,,,,,,,,,,,,,,,,,
941,,,,,,,,,,,,,,,,,,,,,,,,,,,,
942,,,,,,,,,,,,,,,,,,,,,,,,,,,,
943,,,,,,,,,,,,,,,,,,,,,,,,,,,,
944,,,,,,,,,,,,,,,,,,,,,,,,,,,,
945,,,,,,,,,,,,,,,,,,,,,,,,,,,,
946,,,,,,,,,,,,,,,,,,,,,,,,,,,,
947,,,,,,,,,,,,,,,,,,,,,,,,,,,,
948,,,,,,,,,,,,,,,,,,,,,,,,,,,,
949,,,,,,,,,,,,,,,,,,,,,,,,,,,,
950,,,,,,,,,,,,,,,,,,,,,,,,,,,,
951,,,,,,,,,,,,,,,,,,,,,,,,,,,,
952,,,,,,,,,,,,,,,,,,,,,,,,,,,,
953,,,,,,,,,,,,,,,,,,,,,,,,,,,,
954,,,,,,,,,,,,,,,,,,,,,,,,,,,,
955,,,,,,,,,,,,,,,,,,,,,,,,,,,,
956,,,,,,,,,,,,,,,,,,,,,,,,,,,,
957,,,,,,,,,,,,,,,,,,,,,,,,,,,,
958,,,,,,,,,,,,,,,,,,,,,,,,,,,,
959,,,,,,,,,,,,,,,,,,,,,,,,,,,,
960,,,,,,,,,,,,,,,,,,,,,,,,,,,,
961,,,,,,,,,,,,,,,,,,,,,,,,,,,,
962,,,,,,,,,,,,,,,,,,,,,,,,,,,,
963,,,,,,,,,,,,,,,,,,,,,,,,,,,,
964,,,,,,,,,,,,,,,,,,,,,,,,,,,,
965,,,,,,,,,,,,,,,,,,,,,,,,,,,,
966,,,,,,,,,,,,,,,,,,,,,,,,,,,,
967,,,,,,,,,,,,,,,,,,,,,,,,,,,,
968,,,,,,,,,,,,,,,,,,,,,,,,,,,,
969,,,,,,,,,,,,,,,,,,,,,,,,,,,,
970,,,,,,,,,,,,,,,,,,,,,,,,,,,,
971,,,,,,,,,,,,,,,,,,,,,,,,,,,,
972,,,,,,,,,,,,,,,,,,,,,,,,,,,,
973,,,,,,,,,,,,,,,,,,,,,,,,,,,,
974,,,,,,,,,,,,,,,,,,,,,,,,,,,,
975,,,,,,,,,,,,,,,,,,,,,,,,,,,,
976,,,,,,,,,,,,,,,,,,,,,,,,,,,,
977,,,,,,,,,,,,,,,,,,,,,,,,,,,,
978,,,,,,,,,,,,,,,,,,,,,,,,,,,,
979,,,,,,,,,,,,,,,,,,,,,,,,,,,,
980,,,,,,,,,,,,,,,,,,,,,,,,,,,,
981,,,,,,,,,,,,,,,,,,,,,,,,,,,,
982,,,,,,,,,,,,,,,,,,,,,,,,,,,,
983,,,,,,,,,,,,,,,,,,,,,,,,,,,,
984,,,,,,,,,,,,,,,,,,,,,,,,,,,,
985,,,,,,,,,,,,,,,,,,,,,,,,,,,,
986,,,,,,,,,,,,,,,,,,,,,,,,,,,,
987,,,,,,,,,,,,,,,,,,,,,,,,,,,,
988,,,,,,,,,,,,,,,,,,,,,,,,,,,,
989,,,,,,,,,,,,,,,,,,,,,,,,,,,,
990,,,,,,,,,,,,,,,,,,,,,,,,,,,,
991,,,,,,,,,,,,,,,,,,,,,,,,,,,,
992,,,,,,,,,,,,,,,,,,,,,,,,,,,,
993,,,,,,,,,,,,,,,,,,,,,,,,,,,,
994,,,,,,,,,,,,,,,,,,,,,,,,,,,,
995,,,,,,,,,,,,,,,,,,,,,,,,,,,,
996,,,,,,,,,,,,,,,,,,,,,,,,,,,,
997,,,,,,,,,,,,,,,,,,,,,,,,,,,,
998,,,,,,,,,,,,,,,,,,,,,,,,,,,,
999,,,,,,,,,,,,,,,,,,,,,,,,,,,,
1000,,,,,,,,,,,,,,,,,,,,,,,,,,,,
,,Red meat:,13 out of 150 (9%),,,,,,,,,,,,,,,,,,,,,,,,,
,,Other meat:,17 out of 150 (11%),,,,,,,,,,,,,,,,,,,,,,,,,
,,Dairy:,24 out of 150 (16%),,,,,,,,,,,,,,,,,,,,,,,,,
,,Egg:,21 out of 150 (14%),,,,,,,,,,,,,,,,,,,,,,,,,
,,Plant based:,75 out of 150 (50%),,,,,,,,,,,,,,,,,,,,,,,,,
