ID,Name,Description (optional),Animal products?,Type,Autumn,Winter,Spring,Summer,Dish #1,Dish #2,Dish #3,Dish #4,Dish #5,Dish #6,Dish #7,Dish #8,,
1,Tea and biscuits,Biscuit/chocolate with tea and milk,Contains dairy,Snack,Y,Y,Y,Y,1,3,,,,,,,,
2,Tea and brown bread toast,Brown bread with fat spread and tea and milk,Contains dairy,Snack,Y,Y,Y,Y,1,2,,,,,,,,
3,Tea and scone,Bread/scone with fat spread and tea with milk,Contains dairy,Snack,Y,Y,Y,Y,1,4,,,,,,,,
4,Fruit snack,Banana and clementines,Plant based,Snack,Y,Y,Y,Y,5,6,,,,,,,,
5,"Porridge, toast and raspberries","Porridge, toast and raspberries",Contains dairy,Breakfast,Y,Y,Y,Y,13,14,15,,,,,,,
6,"Sandwich with egg, lettuce and tomato, with low-fat yogurt and mandarin oranges","Sandwich with egg, lettuce and tomato, with low-fat yogurt and mandarin oranges",Contains dairy,Lunch,Y,Y,Y,Y,16,17,18,,,,,,,
7,Tofu stirfry with noodles,Tofu stirfry with noodles,Contains other meat,Evening Meal,Y,Y,Y,Y,19,,,,,,,,,
8,Pear,Pear,Plant based,Snack,Y,Y,Y,Y,20,,,,,,,,,
9,Apple,Apple,Plant based,Snack,Y,Y,Y,Y,21,,,,,,,,,
10,Wheat biscuit cereal with milk and a banana,Wheat biscuit cereal with milk and a banana,Contains dairy,Snack,Y,Y,Y,Y,22,5,,,,,,,,
11,Wholegrain cereal with milk and an orange,Wholegrain cereal with milk and an orange,Contains dairy,Breakfast,Y,Y,Y,Y,23,24,,,,,,,,
12,Sandwich with a banana and yogurt,"Chicken, tomato and cucumber sandwich on wholemeal bread with a banana and yogurt",Contains other meat,Lunch,Y,Y,Y,Y,29,5,17,,,,,,,
13,Chilli con carne with side salad,"Beef and kidney bean chilli con carne with brown rice and a tomato, lettuce and cucumber side salad",Contains red meat,Evening Meal,Y,Y,Y,Y,30,31,,,,,,,,
14,Crackers and cheese,Wholegrain crackers and cheddar cheese,Contains dairy,Snack,Y,Y,Y,Y,32,,,,,,,,,
15,Wholemeal bread and peanut butter,Wholemeal bread and peanut butter,Plant based,Snack,Y,Y,Y,Y,33,,,,,,,,,
16,Wheat biscuit cereal with milk and an apple,Wheat biscuit cereal with milk and an apple,Contains dairy,Breakfast,Y,Y,Y,Y,21,22,,,,,,,,
17,Baked potato with baked beans,Baked potato with baked beans,Plant based,Lunch,Y,Y,Y,Y,110,,,,,,,,,
18,Milk and grapes,Milk and grapes,Contains dairy,Snack,Y,Y,Y,Y,36,38,,,,,,,,
19,Kiwifruits,Kiwifruits,Plant based,Snack,Y,Y,Y,Y,37,,,,,,,,,
20,Wholemeal toast and banana,Wholemeal toast and banana,Plant based,Snack,Y,Y,Y,Y,14,5,,,,,,,,
21,Porridge with milk and raspberries,Porridge with milk and raspberries,Contains dairy,Breakfast,Y,Y,Y,Y,13,15,,,,,,,,
22,"Pitta with tuna, sweetcorn, tomato, lettuce and cucumber, with a latte","Pitta with tuna, sweetcorn, tomato, lettuce and cucumber, with a latte",Contains fish,Lunch,Y,Y,Y,Y,39,40,,,,,,,,
23,Chicken and vegetable stir fry with oranges,"Chicken, pepper, mushroom and onion with oranges",Contains other meat,Evening Meal,Y,Y,Y,Y,24,41,,,,,,,,
24,Hummus and vegetable sticks,Hummus and carrot and celery sticks,Plant based,Snack,Y,Y,Y,Y,42,,,,,,,,,
25,Grapes and low-fat yogurt,Grapes and low-fat yogurt,Contains dairy,Snack,Y,Y,Y,Y,17,36,,,,,,,,
26,Banana,Banana,Plant based,Snack,Y,Y,Y,Y,5,,,,,,,,,
27,"Porridge with milk, toast and orange juice","Porridge with milk, toast and orange juice",Contains dairy,Breakfast,Y,Y,Y,Y,13,43,52,,,,,,,
28,"Bunless burger with cheese, potatoes, green beans and carrots","Bunless burger with cheese, potatoes, green beans and carrots",Contains red meat,Lunch,Y,Y,Y,Y,44,45,46,47,,,,,,
29,Beans on toast with a kiwi,Beans on toast with a kiwi,Plant based,Evening Meal,Y,Y,Y,Y,48,49,,,,,,,,
30,Crackers and peanut butter,Crackers and peanut butter,Plant based,Snack,Y,Y,Y,Y,50,,,,,,,,,
31,Berries,Strawberries and blueberries,Plant based,Snack,Y,Y,Y,Y,51,,,,,,,,,
32,"Wholegrain cereal with milk, toast and banana","Wholegrain cereal with milk, toast and banana",Contains dairy,Breakfast,Y,Y,Y,Y,23,5,52,,,,,,,
33,"Vegetable omelette with side salad, yogurt and soda bread","Vegetable omelette with side salad, yogurt and soda bread",Contains egg,Lunch,Y,Y,Y,Y,53,54,55,31,,,,,,
34,"Salmon, potatoes, broccoli and carrots","Salmon, potatoes, broccoli and carrots",Contains fish,Evening Meal,Y,Y,Y,Y,35,,,,,,,,,
35,Malt loaf,Malt loaf,Contains egg,Snack,Y,Y,Y,Y,56,,,,,,,,,
36,Smoothie and nuts,Fruit smoothie and mixed nuts,Plant based,Snack,Y,Y,Y,Y,57,58,,,,,,,,
37,Poached eggs on toast with fruit juice,Poached eggs on toast with fruit juice,Contains egg,Breakfast,Y,Y,Y,Y,59,60,,,,,,,,
38,"Pork with mashed potato, carrots and green beans with milk","Pork with mashed potato, carrots and green beans with milk",Contains other meat,Lunch,Y,Y,Y,Y,61,62,63,38,,,,,,
39,Tomato and lentil soup with soda bread,Tomato and lentil soup with soda bread,Plant based,Evening Meal,Y,Y,Y,Y,64,120,,,,,,,,
40,Yogurt,Yogurt,Contains dairy,Snack,Y,Y,Y,Y,54,,,,,,,,,
41,Tinned fruit,Tinned fruit,Plant based,Snack,Y,Y,Y,Y,65,,,,,,,,,
42,Custard and berries,Custard with strawberries and blueberries,Contains egg,Snack,Y,Y,Y,Y,66,,,,,,,,,
43,Toast with banana and peanut butter,Toast with banana and peanut butter,Plant based,Breakfast,Y,Y,Y,Y,67,,,,,,,,,
44,Baked potato with bacon and tuna,Baked potato with bacon and tuna,Contains fish,Lunch,Y,Y,Y,Y,76,,,,,,,,,
45,Pasta with salmon and peas,"Cooked rice, lettuce, tomato, and tuna",Contains fish,Evening Meal,Y,Y,Y,Y,82,,,,,,,,,
46,Yogurt and raspberries,Yogurt and raspberries,Contains dairy,Snack,Y,Y,Y,Y,15,17,,,,,,,,
47,Banana bread,Banana bread,Contains egg,Snack,Y,Y,Y,Y,89,,,,,,,,,
48,Popcorn,Popcorn,Plant based,Snack,Y,Y,Y,Y,91,,,,,,,,,
49,Overnight oats,Overnight oats,Contains dairy,Breakfast,Y,Y,Y,Y,68,,,,,,,,,
50,Greek pasta salad,Greek pasta salad,Contains dairy,Lunch,Y,Y,Y,Y,112,,,,,,,,,
51,Shepard's pie with green beans and sweetcorn,Shepard's pie with green beans and sweetcorn,Contains red meat,Evening Meal,Y,Y,Y,Y,84,85,86,,,,,,,
52,Oat pancakes,Oat pancakes,Contains egg,Breakfast,Y,Y,Y,Y,69,,,,,,,,,
53,"Pitta bread with tofu, lettuce and cucumber","Pitta bread with tofu, lettuce and cucumber",Plant based,Lunch,Y,Y,Y,Y,88,,,,,,,,,
54,Spaghetti bolognese,Spaghetti bolognese,Contains red meat,Evening Meal,Y,Y,Y,Y,90,,,,,,,,,
55,Green smoothie,Green smoothie,Plant based,Breakfast,Y,Y,Y,Y,70,,,,,,,,,
56,Mixed bean salad,Mixed bean salad,Plant based,Lunch,Y,Y,Y,Y,111,,,,,,,,,
57,Baked fish with vegetables and pasta,Baked fish with vegetables and pasta,Contains fish,Evening Meal,Y,Y,Y,Y,93,,,,,,,,,
58,Eggs Benedict,Poached egg on a bagel with Hollandaise sauce,Contains egg,Breakfast,Y,Y,Y,Y,71,72,73,,,,,,,
59,"Brown roll with mashed hard-boiled egg, lettuce, peppers and tomato","Brown roll with mashed hard-boiled egg, lettuce, peppers and tomato",Contains egg,Lunch,y,Y,Y,Y,80,,,,,,,,,
60,"Stir-fried pork with peppers, mushrooms, onions and noodles","Stir-fried pork with peppers, mushrooms, onions and noodles",Contains other meat,Evening Meal,Y,Y,Y,Y,94,,,,,,,,,
61,Poached egg on toast,Poached egg on toast,Contains other meat,Breakfast,Y,Y,Y,Y,71,14,,,,,,,,
62,"Wholemeal bap with a lean grilled rasher, tomato and avocado","1 wholemeal bap with a lean grilled rasher, tomato and avocado",Contains other meat,Lunch,Y,Y,Y,Y,81,,,,,,,,,
63,Chicken casserole with vegetables and boiled potatoes,Chicken casserole with vegetables and boiled potatoes,Contains other meat,Evening Meal,Y,Y,Y,Y,95,,,,,,,,,
64,Strawberry smoothie,Strawberry smoothie,Plant based,Breakfast,Y,Y,Y,Y,74,,,,,,,,,
65,Tuna pasta with sweetcorn and peppers,Tuna pasta with sweetcorn and peppers,Contains fish,Lunch,Y,Y,Y,Y,83,,,,,,,,,
66,Beef stew and mashed potato,Beef stew and mashed potato,Contains red meat,Evening Meal,Y,Y,Y,Y,96,,,,,,,,,
67,Pancakes with berries and nuts,"Pancakes with strawberries, bluberries, and mixed nuts",Contains egg,Breakfast,Y,Y,Y,Y,75,51,57,,,,,,,
68,Wholemeal sandwich with cheese and tomato,Wholemeal sandwich with cheese and tomato,Contains dairy,Lunch,Y,Y,Y,Y,87,,,,,,,,,
69,Grilled pork chops with mashed potato and frozen mixed vegetables,Grilled pork chops with mashed potato and frozen mixed vegetables,Contains other meat,Evening Meal,Y,Y,Y,Y,97,,,,,,,,,
70,Quorn spaghetti bolognese,Spaghetti bolognese made with Quorn,Plant based,Evening Meal,Y,Y,Y,Y,98,99,,,,,,,,
71,Quorn chilli,Chilli made with Quorn,Plant based,Evening Meal,Y,Y,Y,Y,100,101,,,,,,,,
72,Chickpea curry,Chickpea curry,Plant based,Evening Meal,Y,Y,Y,Y,102,,,,,,,,,
73,Lentil shepard's pie,Lentil shepard's pie,Plant based,Evening Meal,Y,Y,Y,Y,103,104,105,,,,,,,
74,Mexican bean wraps,Mexican style bean wraps,Plant based,Evening Meal,Y,Y,Y,Y,106,107,,,,,,,,
75,Bean chilli,Chilli with beans,Plant based,Evening Meal,Y,Y,Y,Y,108,,,,,,,,,
76,Bean burger,Burger made with beans and spices with vegetables,Plant based,Evening Meal,Y,Y,Y,Y,109,,,,,,,,,
77,Pesto pasta,Pesto pasta,Plant based,Lunch,Y,Y,Y,Y,113,,,,,,,,,
78,Homemade tomato salsa and rye crispbread,Homemade tomato salsa and rye crispbread,Plant based,Lunch,Y,Y,Y,Y,114,,,,,,,,,
79,Leek and potato soup,Leek and potato soup,Plant based,Lunch,Y,Y,Y,Y,115,,,,,,,,,
80,Mexican bean salad,Mexican bean salad,Plant based,Lunch,Y,Y,Y,Y,116,,,,,,,,,
81,Homemade vegetable soup,Homemade vegetable soup,Plant based,Lunch,Y,Y,Y,Y,117,,,,,,,,,
82,Chicken and vegetable coconut curry,Chicken and vegetable coconut curry,Contains other meat,Evening Meal,Y,Y,Y,Y,118,,,,,,,,,
83,Chicken fajitas,Chicken fajitas,Contains other meat,Evening Meal,Y,Y,Y,Y,119,,,,,,,,,
84,Baked garlic lime chicken breasts with potatoes,Baked garlic lime chicken breasts with potatoes,Contains other meat,Evening Meal,Y,Y,Y,Y,120,,,,,,,,,
85,French toast,French toast,Contains egg,Breakfast,Y,Y,Y,Y,121,,,,,,,,,
86,Omelette,Omelette,Contains egg,Breakfast,Y,Y,Y,Y,122,,,,,,,,,
87,Scrambled eggs on toast,Scrambled eggs on toast,Contains egg,Breakfast,Y,Y,Y,Y,123,,,,,,,,,
88,Muesli with soya yoghurt,Muesli with soya yoghurt,Plant based,Breakfast,Y,Y,Y,Y,124,,,,,,,,,
89,Fruit salad,Fruit salad,Plant based,Lunch,Y,Y,Y,Y,125,,,,,,,,,
90,Couscous salad,Couscous salad,Contains dairy,Lunch,Y,Y,Y,Y,126,,,,,,,,,
91,Chicken Caesar salad,Chicken Caesar salad,Contains other meat,Lunch,Y,Y,Y,Y,127,,,,,,,,,
92,Hot pasta salad,Hot pasta salad with tuna and pepper,Contains fish,Lunch,Y,Y,Y,Y,128,,,,,,,,,
93,Chicken and pasta salad,Chicken and pasta salad with tomato and red onion,Contains other meat,Lunch,Y,Y,Y,Y,129,,,,,,,,,
94,Vegetable bake,Vegetable bake,Plant based,Evening Meal,Y,Y,Y,Y,131,132,,,,,,,,
95,"Porridge with non-dairy milk, toast and raspberries","Porridge with non-dairy milk, toast and raspberries",Plant based,Breakfast,Y,Y,Y,Y,133,14,15,,,,,,,
96,Wholegrain cereal with non-dairy milk and an orange,Wholegrain cereal with non-dairy milk and an orange,Plant based,Breakfast,Y,Y,Y,Y,134,24,,,,,,,,25
97,Wheat biscuit cereal with non-dairy milk and an apple,Wheat biscuit cereal with non-dairy milk and an apple,Plant based,Breakfast,Y,Y,Y,Y,21,135,,,,,,,,
98,Porridge with non-dairy milk and raspberries,Porridge with non-dairy milk and raspberries,Plant based,Breakfast,Y,Y,Y,Y,13,15,,,,,,,,
99,"Porridge with non-dairy milk, toast and orange juice","Porridge with non-dairy milk, toast and orange juice",Plant based,Breakfast,Y,Y,Y,Y,133,43,52,,,,,,,
100,"Wholegrain cereal with non-dairy milk, toast and banana","Wholegrain cereal with non-dairy milk, toast and banana",Plant based,Breakfast,Y,Y,Y,Y,134,5,52,,,,,,,
101,Overnight oats with non-dairy milk and yogurt,Overnight oats with non-dairy milk and yogurt,Plant based,Breakfast,Y,Y,Y,Y,68,,,,,,,,,
102,,,,,,,,,,,,,,,,,,
103,,,,,,,,,,,,,,,,,,
104,,,,,,,,,,,,,,,,,,
105,,,,,,,,,,,,,,,,,,
106,,,,,,,,,,,,,,,,,,
107,,,,,,,,,,,,,,,,,,
108,,,,,,,,,,,,,,,,,,
109,,,,,,,,,,,,,,,,,,
110,,,,,,,,,,,,,,,,,,
111,,,,,,,,,,,,,,,,,,
112,,,,,,,,,,,,,,,,,,
113,,,,,,,,,,,,,,,,,,
114,,,,,,,,,,,,,,,,,,
115,,,,,,,,,,,,,,,,,,
116,,,,,,,,,,,,,,,,,,
117,,,,,,,,,,,,,,,,,,
118,,,,,,,,,,,,,,,,,,
119,,,,,,,,,,,,,,,,,,
120,,,,,,,,,,,,,,,,,,
121,,,,,,,,,,,,,,,,,,
122,,,,,,,,,,,,,,,,,,
123,,,,,,,,,,,,,,,,,,
124,,,,,,,,,,,,,,,,,,
125,,,,,,,,,,,,,,,,,,
126,,,,,,,,,,,,,,,,,,
127,,,,,,,,,,,,,,,,,,
128,,,,,,,,,,,,,,,,,,
129,,,,,,,,,,,,,,,,,,
130,,,,,,,,,,,,,,,,,,
131,,,,,,,,,,,,,,,,,,
132,,,,,,,,,,,,,,,,,,
133,,,,,,,,,,,,,,,,,,
134,,,,,,,,,,,,,,,,,,
135,,,,,,,,,,,,,,,,,,
136,,,,,,,,,,,,,,,,,,
137,,,,,,,,,,,,,,,,,,
138,,,,,,,,,,,,,,,,,,
139,,,,,,,,,,,,,,,,,,
140,,,,,,,,,,,,,,,,,,
141,,,,,,,,,,,,,,,,,,
142,,,,,,,,,,,,,,,,,,
143,,,,,,,,,,,,,,,,,,
144,,,,,,,,,,,,,,,,,,
145,,,,,,,,,,,,,,,,,,
146,,,,,,,,,,,,,,,,,,
147,,,,,,,,,,,,,,,,,,
148,,,,,,,,,,,,,,,,,,
149,,,,,,,,,,,,,,,,,,
150,,,,,,,,,,,,,,,,,,
151,,,,,,,,,,,,,,,,,,
152,,,,,,,,,,,,,,,,,,
153,,,,,,,,,,,,,,,,,,
154,,,,,,,,,,,,,,,,,,
155,,,,,,,,,,,,,,,,,,
156,,,,,,,,,,,,,,,,,,
157,,,,,,,,,,,,,,,,,,
158,,,,,,,,,,,,,,,,,,
159,,,,,,,,,,,,,,,,,,
160,,,,,,,,,,,,,,,,,,
161,,,,,,,,,,,,,,,,,,
162,,,,,,,,,,,,,,,,,,
163,,,,,,,,,,,,,,,,,,
164,,,,,,,,,,,,,,,,,,
165,,,,,,,,,,,,,,,,,,
166,,,,,,,,,,,,,,,,,,
167,,,,,,,,,,,,,,,,,,
168,,,,,,,,,,,,,,,,,,
169,,,,,,,,,,,,,,,,,,
170,,,,,,,,,,,,,,,,,,
171,,,,,,,,,,,,,,,,,,
172,,,,,,,,,,,,,,,,,,
173,,,,,,,,,,,,,,,,,,
174,,,,,,,,,,,,,,,,,,
175,,,,,,,,,,,,,,,,,,
176,,,,,,,,,,,,,,,,,,
177,,,,,,,,,,,,,,,,,,
178,,,,,,,,,,,,,,,,,,
179,,,,,,,,,,,,,,,,,,
180,,,,,,,,,,,,,,,,,,
181,,,,,,,,,,,,,,,,,,
182,,,,,,,,,,,,,,,,,,
183,,,,,,,,,,,,,,,,,,
184,,,,,,,,,,,,,,,,,,
185,,,,,,,,,,,,,,,,,,
186,,,,,,,,,,,,,,,,,,
187,,,,,,,,,,,,,,,,,,
188,,,,,,,,,,,,,,,,,,
189,,,,,,,,,,,,,,,,,,
190,,,,,,,,,,,,,,,,,,
191,,,,,,,,,,,,,,,,,,
192,,,,,,,,,,,,,,,,,,
193,,,,,,,,,,,,,,,,,,
194,,,,,,,,,,,,,,,,,,
195,,,,,,,,,,,,,,,,,,
196,,,,,,,,,,,,,,,,,,
197,,,,,,,,,,,,,,,,,,
198,,,,,,,,,,,,,,,,,,
199,,,,,,,,,,,,,,,,,,
200,,,,,,,,,,,,,,,,,,
201,,,,,,,,,,,,,,,,,,
202,,,,,,,,,,,,,,,,,,
203,,,,,,,,,,,,,,,,,,
204,,,,,,,,,,,,,,,,,,
205,,,,,,,,,,,,,,,,,,
206,,,,,,,,,,,,,,,,,,
207,,,,,,,,,,,,,,,,,,
208,,,,,,,,,,,,,,,,,,
209,,,,,,,,,,,,,,,,,,
210,,,,,,,,,,,,,,,,,,
211,,,,,,,,,,,,,,,,,,
212,,,,,,,,,,,,,,,,,,
213,,,,,,,,,,,,,,,,,,
214,,,,,,,,,,,,,,,,,,
215,,,,,,,,,,,,,,,,,,
216,,,,,,,,,,,,,,,,,,
217,,,,,,,,,,,,,,,,,,
218,,,,,,,,,,,,,,,,,,
219,,,,,,,,,,,,,,,,,,
220,,,,,,,,,,,,,,,,,,
221,,,,,,,,,,,,,,,,,,
222,,,,,,,,,,,,,,,,,,
223,,,,,,,,,,,,,,,,,,
224,,,,,,,,,,,,,,,,,,
225,,,,,,,,,,,,,,,,,,
226,,,,,,,,,,,,,,,,,,
227,,,,,,,,,,,,,,,,,,
228,,,,,,,,,,,,,,,,,,
229,,,,,,,,,,,,,,,,,,
230,,,,,,,,,,,,,,,,,,
231,,,,,,,,,,,,,,,,,,
232,,,,,,,,,,,,,,,,,,
233,,,,,,,,,,,,,,,,,,
234,,,,,,,,,,,,,,,,,,
235,,,,,,,,,,,,,,,,,,
236,,,,,,,,,,,,,,,,,,
237,,,,,,,,,,,,,,,,,,
238,,,,,,,,,,,,,,,,,,
239,,,,,,,,,,,,,,,,,,
240,,,,,,,,,,,,,,,,,,
241,,,,,,,,,,,,,,,,,,
242,,,,,,,,,,,,,,,,,,
243,,,,,,,,,,,,,,,,,,
244,,,,,,,,,,,,,,,,,,
245,,,,,,,,,,,,,,,,,,
246,,,,,,,,,,,,,,,,,,
247,,,,,,,,,,,,,,,,,,
248,,,,,,,,,,,,,,,,,,
249,,,,,,,,,,,,,,,,,,
250,,,,,,,,,,,,,,,,,,
251,,,,,,,,,,,,,,,,,,
252,,,,,,,,,,,,,,,,,,
253,,,,,,,,,,,,,,,,,,
254,,,,,,,,,,,,,,,,,,
255,,,,,,,,,,,,,,,,,,
256,,,,,,,,,,,,,,,,,,
257,,,,,,,,,,,,,,,,,,
258,,,,,,,,,,,,,,,,,,
259,,,,,,,,,,,,,,,,,,
260,,,,,,,,,,,,,,,,,,
261,,,,,,,,,,,,,,,,,,
262,,,,,,,,,,,,,,,,,,
263,,,,,,,,,,,,,,,,,,
264,,,,,,,,,,,,,,,,,,
265,,,,,,,,,,,,,,,,,,
266,,,,,,,,,,,,,,,,,,
267,,,,,,,,,,,,,,,,,,
268,,,,,,,,,,,,,,,,,,
269,,,,,,,,,,,,,,,,,,
270,,,,,,,,,,,,,,,,,,
271,,,,,,,,,,,,,,,,,,
272,,,,,,,,,,,,,,,,,,
273,,,,,,,,,,,,,,,,,,
274,,,,,,,,,,,,,,,,,,
275,,,,,,,,,,,,,,,,,,
276,,,,,,,,,,,,,,,,,,
277,,,,,,,,,,,,,,,,,,
278,,,,,,,,,,,,,,,,,,
279,,,,,,,,,,,,,,,,,,
280,,,,,,,,,,,,,,,,,,
281,,,,,,,,,,,,,,,,,,
282,,,,,,,,,,,,,,,,,,
283,,,,,,,,,,,,,,,,,,
284,,,,,,,,,,,,,,,,,,
285,,,,,,,,,,,,,,,,,,
286,,,,,,,,,,,,,,,,,,
287,,,,,,,,,,,,,,,,,,
288,,,,,,,,,,,,,,,,,,
289,,,,,,,,,,,,,,,,,,
290,,,,,,,,,,,,,,,,,,
291,,,,,,,,,,,,,,,,,,
292,,,,,,,,,,,,,,,,,,
293,,,,,,,,,,,,,,,,,,
294,,,,,,,,,,,,,,,,,,
295,,,,,,,,,,,,,,,,,,
296,,,,,,,,,,,,,,,,,,
297,,,,,,,,,,,,,,,,,,
298,,,,,,,,,,,,,,,,,,
299,,,,,,,,,,,,,,,,,,
300,,,,,,,,,,,,,,,,,,
301,,,,,,,,,,,,,,,,,,
302,,,,,,,,,,,,,,,,,,
303,,,,,,,,,,,,,,,,,,
304,,,,,,,,,,,,,,,,,,
305,,,,,,,,,,,,,,,,,,
306,,,,,,,,,,,,,,,,,,
307,,,,,,,,,,,,,,,,,,
308,,,,,,,,,,,,,,,,,,
309,,,,,,,,,,,,,,,,,,
310,,,,,,,,,,,,,,,,,,
311,,,,,,,,,,,,,,,,,,
312,,,,,,,,,,,,,,,,,,
313,,,,,,,,,,,,,,,,,,
314,,,,,,,,,,,,,,,,,,
315,,,,,,,,,,,,,,,,,,
316,,,,,,,,,,,,,,,,,,
317,,,,,,,,,,,,,,,,,,
318,,,,,,,,,,,,,,,,,,
319,,,,,,,,,,,,,,,,,,
320,,,,,,,,,,,,,,,,,,
321,,,,,,,,,,,,,,,,,,
322,,,,,,,,,,,,,,,,,,
323,,,,,,,,,,,,,,,,,,
324,,,,,,,,,,,,,,,,,,
325,,,,,,,,,,,,,,,,,,
326,,,,,,,,,,,,,,,,,,
327,,,,,,,,,,,,,,,,,,
328,,,,,,,,,,,,,,,,,,
329,,,,,,,,,,,,,,,,,,
330,,,,,,,,,,,,,,,,,,
331,,,,,,,,,,,,,,,,,,
332,,,,,,,,,,,,,,,,,,
333,,,,,,,,,,,,,,,,,,
334,,,,,,,,,,,,,,,,,,
335,,,,,,,,,,,,,,,,,,
336,,,,,,,,,,,,,,,,,,
337,,,,,,,,,,,,,,,,,,
338,,,,,,,,,,,,,,,,,,
339,,,,,,,,,,,,,,,,,,
340,,,,,,,,,,,,,,,,,,
341,,,,,,,,,,,,,,,,,,
342,,,,,,,,,,,,,,,,,,
343,,,,,,,,,,,,,,,,,,
344,,,,,,,,,,,,,,,,,,
345,,,,,,,,,,,,,,,,,,
346,,,,,,,,,,,,,,,,,,
347,,,,,,,,,,,,,,,,,,
348,,,,,,,,,,,,,,,,,,
349,,,,,,,,,,,,,,,,,,
350,,,,,,,,,,,,,,,,,,
351,,,,,,,,,,,,,,,,,,
352,,,,,,,,,,,,,,,,,,
353,,,,,,,,,,,,,,,,,,
354,,,,,,,,,,,,,,,,,,
355,,,,,,,,,,,,,,,,,,
356,,,,,,,,,,,,,,,,,,
357,,,,,,,,,,,,,,,,,,
358,,,,,,,,,,,,,,,,,,
359,,,,,,,,,,,,,,,,,,
360,,,,,,,,,,,,,,,,,,
361,,,,,,,,,,,,,,,,,,
362,,,,,,,,,,,,,,,,,,
363,,,,,,,,,,,,,,,,,,
364,,,,,,,,,,,,,,,,,,
365,,,,,,,,,,,,,,,,,,
366,,,,,,,,,,,,,,,,,,
367,,,,,,,,,,,,,,,,,,
368,,,,,,,,,,,,,,,,,,
369,,,,,,,,,,,,,,,,,,
370,,,,,,,,,,,,,,,,,,
371,,,,,,,,,,,,,,,,,,
372,,,,,,,,,,,,,,,,,,
373,,,,,,,,,,,,,,,,,,
374,,,,,,,,,,,,,,,,,,
375,,,,,,,,,,,,,,,,,,
376,,,,,,,,,,,,,,,,,,
377,,,,,,,,,,,,,,,,,,
378,,,,,,,,,,,,,,,,,,
379,,,,,,,,,,,,,,,,,,
380,,,,,,,,,,,,,,,,,,
381,,,,,,,,,,,,,,,,,,
382,,,,,,,,,,,,,,,,,,
383,,,,,,,,,,,,,,,,,,
384,,,,,,,,,,,,,,,,,,
385,,,,,,,,,,,,,,,,,,
386,,,,,,,,,,,,,,,,,,
387,,,,,,,,,,,,,,,,,,
388,,,,,,,,,,,,,,,,,,
389,,,,,,,,,,,,,,,,,,
390,,,,,,,,,,,,,,,,,,
391,,,,,,,,,,,,,,,,,,
392,,,,,,,,,,,,,,,,,,
393,,,,,,,,,,,,,,,,,,
394,,,,,,,,,,,,,,,,,,
395,,,,,,,,,,,,,,,,,,
396,,,,,,,,,,,,,,,,,,
397,,,,,,,,,,,,,,,,,,
398,,,,,,,,,,,,,,,,,,
399,,,,,,,,,,,,,,,,,,
400,,,,,,,,,,,,,,,,,,
401,,,,,,,,,,,,,,,,,,
402,,,,,,,,,,,,,,,,,,
403,,,,,,,,,,,,,,,,,,
404,,,,,,,,,,,,,,,,,,
405,,,,,,,,,,,,,,,,,,
406,,,,,,,,,,,,,,,,,,
407,,,,,,,,,,,,,,,,,,
408,,,,,,,,,,,,,,,,,,
409,,,,,,,,,,,,,,,,,,
410,,,,,,,,,,,,,,,,,,
411,,,,,,,,,,,,,,,,,,
412,,,,,,,,,,,,,,,,,,
413,,,,,,,,,,,,,,,,,,
414,,,,,,,,,,,,,,,,,,
415,,,,,,,,,,,,,,,,,,
416,,,,,,,,,,,,,,,,,,
417,,,,,,,,,,,,,,,,,,
418,,,,,,,,,,,,,,,,,,
419,,,,,,,,,,,,,,,,,,
420,,,,,,,,,,,,,,,,,,
421,,,,,,,,,,,,,,,,,,
422,,,,,,,,,,,,,,,,,,
423,,,,,,,,,,,,,,,,,,
424,,,,,,,,,,,,,,,,,,
425,,,,,,,,,,,,,,,,,,
426,,,,,,,,,,,,,,,,,,
427,,,,,,,,,,,,,,,,,,
428,,,,,,,,,,,,,,,,,,
429,,,,,,,,,,,,,,,,,,
430,,,,,,,,,,,,,,,,,,
431,,,,,,,,,,,,,,,,,,
432,,,,,,,,,,,,,,,,,,
433,,,,,,,,,,,,,,,,,,
434,,,,,,,,,,,,,,,,,,
435,,,,,,,,,,,,,,,,,,
436,,,,,,,,,,,,,,,,,,
437,,,,,,,,,,,,,,,,,,
438,,,,,,,,,,,,,,,,,,
439,,,,,,,,,,,,,,,,,,
440,,,,,,,,,,,,,,,,,,
441,,,,,,,,,,,,,,,,,,
442,,,,,,,,,,,,,,,,,,
443,,,,,,,,,,,,,,,,,,
444,,,,,,,,,,,,,,,,,,
445,,,,,,,,,,,,,,,,,,
446,,,,,,,,,,,,,,,,,,
447,,,,,,,,,,,,,,,,,,
448,,,,,,,,,,,,,,,,,,
449,,,,,,,,,,,,,,,,,,
450,,,,,,,,,,,,,,,,,,
451,,,,,,,,,,,,,,,,,,
452,,,,,,,,,,,,,,,,,,
453,,,,,,,,,,,,,,,,,,
454,,,,,,,,,,,,,,,,,,
455,,,,,,,,,,,,,,,,,,
456,,,,,,,,,,,,,,,,,,
457,,,,,,,,,,,,,,,,,,
458,,,,,,,,,,,,,,,,,,
459,,,,,,,,,,,,,,,,,,
460,,,,,,,,,,,,,,,,,,
461,,,,,,,,,,,,,,,,,,
462,,,,,,,,,,,,,,,,,,
463,,,,,,,,,,,,,,,,,,
464,,,,,,,,,,,,,,,,,,
465,,,,,,,,,,,,,,,,,,
466,,,,,,,,,,,,,,,,,,
467,,,,,,,,,,,,,,,,,,
468,,,,,,,,,,,,,,,,,,
469,,,,,,,,,,,,,,,,,,
470,,,,,,,,,,,,,,,,,,
471,,,,,,,,,,,,,,,,,,
472,,,,,,,,,,,,,,,,,,
473,,,,,,,,,,,,,,,,,,
474,,,,,,,,,,,,,,,,,,
475,,,,,,,,,,,,,,,,,,
476,,,,,,,,,,,,,,,,,,
477,,,,,,,,,,,,,,,,,,
478,,,,,,,,,,,,,,,,,,
479,,,,,,,,,,,,,,,,,,
480,,,,,,,,,,,,,,,,,,
481,,,,,,,,,,,,,,,,,,
482,,,,,,,,,,,,,,,,,,
483,,,,,,,,,,,,,,,,,,
484,,,,,,,,,,,,,,,,,,
485,,,,,,,,,,,,,,,,,,
486,,,,,,,,,,,,,,,,,,
487,,,,,,,,,,,,,,,,,,
488,,,,,,,,,,,,,,,,,,
489,,,,,,,,,,,,,,,,,,
490,,,,,,,,,,,,,,,,,,
491,,,,,,,,,,,,,,,,,,
492,,,,,,,,,,,,,,,,,,
493,,,,,,,,,,,,,,,,,,
494,,,,,,,,,,,,,,,,,,
495,,,,,,,,,,,,,,,,,,
496,,,,,,,,,,,,,,,,,,
497,,,,,,,,,,,,,,,,,,
498,,,,,,,,,,,,,,,,,,
499,,,,,,,,,,,,,,,,,,
500,,,,,,,,,,,,,,,,,,
501,,,,,,,,,,,,,,,,,,
502,,,,,,,,,,,,,,,,,,
503,,,,,,,,,,,,,,,,,,
504,,,,,,,,,,,,,,,,,,
505,,,,,,,,,,,,,,,,,,
506,,,,,,,,,,,,,,,,,,
507,,,,,,,,,,,,,,,,,,
508,,,,,,,,,,,,,,,,,,
509,,,,,,,,,,,,,,,,,,
510,,,,,,,,,,,,,,,,,,
511,,,,,,,,,,,,,,,,,,
512,,,,,,,,,,,,,,,,,,
513,,,,,,,,,,,,,,,,,,
514,,,,,,,,,,,,,,,,,,
515,,,,,,,,,,,,,,,,,,
516,,,,,,,,,,,,,,,,,,
517,,,,,,,,,,,,,,,,,,
518,,,,,,,,,,,,,,,,,,
519,,,,,,,,,,,,,,,,,,
520,,,,,,,,,,,,,,,,,,
521,,,,,,,,,,,,,,,,,,
522,,,,,,,,,,,,,,,,,,
523,,,,,,,,,,,,,,,,,,
524,,,,,,,,,,,,,,,,,,
525,,,,,,,,,,,,,,,,,,
526,,,,,,,,,,,,,,,,,,
527,,,,,,,,,,,,,,,,,,
528,,,,,,,,,,,,,,,,,,
529,,,,,,,,,,,,,,,,,,
530,,,,,,,,,,,,,,,,,,
531,,,,,,,,,,,,,,,,,,
532,,,,,,,,,,,,,,,,,,
533,,,,,,,,,,,,,,,,,,
534,,,,,,,,,,,,,,,,,,
535,,,,,,,,,,,,,,,,,,
536,,,,,,,,,,,,,,,,,,
537,,,,,,,,,,,,,,,,,,
538,,,,,,,,,,,,,,,,,,
539,,,,,,,,,,,,,,,,,,
540,,,,,,,,,,,,,,,,,,
541,,,,,,,,,,,,,,,,,,
542,,,,,,,,,,,,,,,,,,
543,,,,,,,,,,,,,,,,,,
544,,,,,,,,,,,,,,,,,,
545,,,,,,,,,,,,,,,,,,
546,,,,,,,,,,,,,,,,,,
547,,,,,,,,,,,,,,,,,,
548,,,,,,,,,,,,,,,,,,
549,,,,,,,,,,,,,,,,,,
550,,,,,,,,,,,,,,,,,,
551,,,,,,,,,,,,,,,,,,
552,,,,,,,,,,,,,,,,,,
553,,,,,,,,,,,,,,,,,,
554,,,,,,,,,,,,,,,,,,
555,,,,,,,,,,,,,,,,,,
556,,,,,,,,,,,,,,,,,,
557,,,,,,,,,,,,,,,,,,
558,,,,,,,,,,,,,,,,,,
559,,,,,,,,,,,,,,,,,,
560,,,,,,,,,,,,,,,,,,
561,,,,,,,,,,,,,,,,,,
562,,,,,,,,,,,,,,,,,,
563,,,,,,,,,,,,,,,,,,
564,,,,,,,,,,,,,,,,,,
565,,,,,,,,,,,,,,,,,,
566,,,,,,,,,,,,,,,,,,
567,,,,,,,,,,,,,,,,,,
568,,,,,,,,,,,,,,,,,,
569,,,,,,,,,,,,,,,,,,
570,,,,,,,,,,,,,,,,,,
571,,,,,,,,,,,,,,,,,,
572,,,,,,,,,,,,,,,,,,
573,,,,,,,,,,,,,,,,,,
574,,,,,,,,,,,,,,,,,,
575,,,,,,,,,,,,,,,,,,
576,,,,,,,,,,,,,,,,,,
577,,,,,,,,,,,,,,,,,,
578,,,,,,,,,,,,,,,,,,
579,,,,,,,,,,,,,,,,,,
580,,,,,,,,,,,,,,,,,,
581,,,,,,,,,,,,,,,,,,
582,,,,,,,,,,,,,,,,,,
583,,,,,,,,,,,,,,,,,,
584,,,,,,,,,,,,,,,,,,
585,,,,,,,,,,,,,,,,,,
586,,,,,,,,,,,,,,,,,,
587,,,,,,,,,,,,,,,,,,
588,,,,,,,,,,,,,,,,,,
589,,,,,,,,,,,,,,,,,,
590,,,,,,,,,,,,,,,,,,
591,,,,,,,,,,,,,,,,,,
592,,,,,,,,,,,,,,,,,,
593,,,,,,,,,,,,,,,,,,
594,,,,,,,,,,,,,,,,,,
595,,,,,,,,,,,,,,,,,,
596,,,,,,,,,,,,,,,,,,
597,,,,,,,,,,,,,,,,,,
598,,,,,,,,,,,,,,,,,,
599,,,,,,,,,,,,,,,,,,
600,,,,,,,,,,,,,,,,,,
601,,,,,,,,,,,,,,,,,,
602,,,,,,,,,,,,,,,,,,
603,,,,,,,,,,,,,,,,,,
604,,,,,,,,,,,,,,,,,,
605,,,,,,,,,,,,,,,,,,
606,,,,,,,,,,,,,,,,,,
607,,,,,,,,,,,,,,,,,,
608,,,,,,,,,,,,,,,,,,
609,,,,,,,,,,,,,,,,,,
610,,,,,,,,,,,,,,,,,,
611,,,,,,,,,,,,,,,,,,
612,,,,,,,,,,,,,,,,,,
613,,,,,,,,,,,,,,,,,,
614,,,,,,,,,,,,,,,,,,
615,,,,,,,,,,,,,,,,,,
616,,,,,,,,,,,,,,,,,,
617,,,,,,,,,,,,,,,,,,
618,,,,,,,,,,,,,,,,,,
619,,,,,,,,,,,,,,,,,,
620,,,,,,,,,,,,,,,,,,
621,,,,,,,,,,,,,,,,,,
622,,,,,,,,,,,,,,,,,,
623,,,,,,,,,,,,,,,,,,
624,,,,,,,,,,,,,,,,,,
625,,,,,,,,,,,,,,,,,,
626,,,,,,,,,,,,,,,,,,
627,,,,,,,,,,,,,,,,,,
628,,,,,,,,,,,,,,,,,,
629,,,,,,,,,,,,,,,,,,
630,,,,,,,,,,,,,,,,,,
631,,,,,,,,,,,,,,,,,,
632,,,,,,,,,,,,,,,,,,
633,,,,,,,,,,,,,,,,,,
634,,,,,,,,,,,,,,,,,,
635,,,,,,,,,,,,,,,,,,
636,,,,,,,,,,,,,,,,,,
637,,,,,,,,,,,,,,,,,,
638,,,,,,,,,,,,,,,,,,
639,,,,,,,,,,,,,,,,,,
640,,,,,,,,,,,,,,,,,,
641,,,,,,,,,,,,,,,,,,
642,,,,,,,,,,,,,,,,,,
643,,,,,,,,,,,,,,,,,,
644,,,,,,,,,,,,,,,,,,
645,,,,,,,,,,,,,,,,,,
646,,,,,,,,,,,,,,,,,,
647,,,,,,,,,,,,,,,,,,
648,,,,,,,,,,,,,,,,,,
649,,,,,,,,,,,,,,,,,,
650,,,,,,,,,,,,,,,,,,
651,,,,,,,,,,,,,,,,,,
652,,,,,,,,,,,,,,,,,,
653,,,,,,,,,,,,,,,,,,
654,,,,,,,,,,,,,,,,,,
655,,,,,,,,,,,,,,,,,,
656,,,,,,,,,,,,,,,,,,
657,,,,,,,,,,,,,,,,,,
658,,,,,,,,,,,,,,,,,,
659,,,,,,,,,,,,,,,,,,
660,,,,,,,,,,,,,,,,,,
661,,,,,,,,,,,,,,,,,,
662,,,,,,,,,,,,,,,,,,
663,,,,,,,,,,,,,,,,,,
664,,,,,,,,,,,,,,,,,,
665,,,,,,,,,,,,,,,,,,
666,,,,,,,,,,,,,,,,,,
667,,,,,,,,,,,,,,,,,,
668,,,,,,,,,,,,,,,,,,
669,,,,,,,,,,,,,,,,,,
670,,,,,,,,,,,,,,,,,,
671,,,,,,,,,,,,,,,,,,
672,,,,,,,,,,,,,,,,,,
673,,,,,,,,,,,,,,,,,,
674,,,,,,,,,,,,,,,,,,
675,,,,,,,,,,,,,,,,,,
676,,,,,,,,,,,,,,,,,,
677,,,,,,,,,,,,,,,,,,
678,,,,,,,,,,,,,,,,,,
679,,,,,,,,,,,,,,,,,,
680,,,,,,,,,,,,,,,,,,
681,,,,,,,,,,,,,,,,,,
682,,,,,,,,,,,,,,,,,,
683,,,,,,,,,,,,,,,,,,
684,,,,,,,,,,,,,,,,,,
685,,,,,,,,,,,,,,,,,,
686,,,,,,,,,,,,,,,,,,
687,,,,,,,,,,,,,,,,,,
688,,,,,,,,,,,,,,,,,,
689,,,,,,,,,,,,,,,,,,
690,,,,,,,,,,,,,,,,,,
691,,,,,,,,,,,,,,,,,,
692,,,,,,,,,,,,,,,,,,
693,,,,,,,,,,,,,,,,,,
694,,,,,,,,,,,,,,,,,,
695,,,,,,,,,,,,,,,,,,
696,,,,,,,,,,,,,,,,,,
697,,,,,,,,,,,,,,,,,,
698,,,,,,,,,,,,,,,,,,
699,,,,,,,,,,,,,,,,,,
700,,,,,,,,,,,,,,,,,,
701,,,,,,,,,,,,,,,,,,
702,,,,,,,,,,,,,,,,,,
703,,,,,,,,,,,,,,,,,,
704,,,,,,,,,,,,,,,,,,
705,,,,,,,,,,,,,,,,,,
706,,,,,,,,,,,,,,,,,,
707,,,,,,,,,,,,,,,,,,
708,,,,,,,,,,,,,,,,,,
709,,,,,,,,,,,,,,,,,,
710,,,,,,,,,,,,,,,,,,
711,,,,,,,,,,,,,,,,,,
712,,,,,,,,,,,,,,,,,,
713,,,,,,,,,,,,,,,,,,
714,,,,,,,,,,,,,,,,,,
715,,,,,,,,,,,,,,,,,,
716,,,,,,,,,,,,,,,,,,
717,,,,,,,,,,,,,,,,,,
718,,,,,,,,,,,,,,,,,,
719,,,,,,,,,,,,,,,,,,
720,,,,,,,,,,,,,,,,,,
721,,,,,,,,,,,,,,,,,,
722,,,,,,,,,,,,,,,,,,
723,,,,,,,,,,,,,,,,,,
724,,,,,,,,,,,,,,,,,,
725,,,,,,,,,,,,,,,,,,
726,,,,,,,,,,,,,,,,,,
727,,,,,,,,,,,,,,,,,,
728,,,,,,,,,,,,,,,,,,
729,,,,,,,,,,,,,,,,,,
730,,,,,,,,,,,,,,,,,,
731,,,,,,,,,,,,,,,,,,
732,,,,,,,,,,,,,,,,,,
733,,,,,,,,,,,,,,,,,,
734,,,,,,,,,,,,,,,,,,
735,,,,,,,,,,,,,,,,,,
736,,,,,,,,,,,,,,,,,,
737,,,,,,,,,,,,,,,,,,
738,,,,,,,,,,,,,,,,,,
739,,,,,,,,,,,,,,,,,,
740,,,,,,,,,,,,,,,,,,
741,,,,,,,,,,,,,,,,,,
742,,,,,,,,,,,,,,,,,,
743,,,,,,,,,,,,,,,,,,
744,,,,,,,,,,,,,,,,,,
745,,,,,,,,,,,,,,,,,,
746,,,,,,,,,,,,,,,,,,
747,,,,,,,,,,,,,,,,,,
748,,,,,,,,,,,,,,,,,,
749,,,,,,,,,,,,,,,,,,
750,,,,,,,,,,,,,,,,,,
751,,,,,,,,,,,,,,,,,,
752,,,,,,,,,,,,,,,,,,
753,,,,,,,,,,,,,,,,,,
754,,,,,,,,,,,,,,,,,,
755,,,,,,,,,,,,,,,,,,
756,,,,,,,,,,,,,,,,,,
757,,,,,,,,,,,,,,,,,,
758,,,,,,,,,,,,,,,,,,
759,,,,,,,,,,,,,,,,,,
760,,,,,,,,,,,,,,,,,,
761,,,,,,,,,,,,,,,,,,
762,,,,,,,,,,,,,,,,,,
763,,,,,,,,,,,,,,,,,,
764,,,,,,,,,,,,,,,,,,
765,,,,,,,,,,,,,,,,,,
766,,,,,,,,,,,,,,,,,,
767,,,,,,,,,,,,,,,,,,
768,,,,,,,,,,,,,,,,,,
769,,,,,,,,,,,,,,,,,,
770,,,,,,,,,,,,,,,,,,
771,,,,,,,,,,,,,,,,,,
772,,,,,,,,,,,,,,,,,,
773,,,,,,,,,,,,,,,,,,
774,,,,,,,,,,,,,,,,,,
775,,,,,,,,,,,,,,,,,,
776,,,,,,,,,,,,,,,,,,
777,,,,,,,,,,,,,,,,,,
778,,,,,,,,,,,,,,,,,,
779,,,,,,,,,,,,,,,,,,
780,,,,,,,,,,,,,,,,,,
781,,,,,,,,,,,,,,,,,,
782,,,,,,,,,,,,,,,,,,
783,,,,,,,,,,,,,,,,,,
784,,,,,,,,,,,,,,,,,,
785,,,,,,,,,,,,,,,,,,
786,,,,,,,,,,,,,,,,,,
787,,,,,,,,,,,,,,,,,,
788,,,,,,,,,,,,,,,,,,
789,,,,,,,,,,,,,,,,,,
790,,,,,,,,,,,,,,,,,,
791,,,,,,,,,,,,,,,,,,
792,,,,,,,,,,,,,,,,,,
793,,,,,,,,,,,,,,,,,,
794,,,,,,,,,,,,,,,,,,
795,,,,,,,,,,,,,,,,,,
796,,,,,,,,,,,,,,,,,,
797,,,,,,,,,,,,,,,,,,
798,,,,,,,,,,,,,,,,,,
799,,,,,,,,,,,,,,,,,,
800,,,,,,,,,,,,,,,,,,
801,,,,,,,,,,,,,,,,,,
802,,,,,,,,,,,,,,,,,,
803,,,,,,,,,,,,,,,,,,
804,,,,,,,,,,,,,,,,,,
805,,,,,,,,,,,,,,,,,,
806,,,,,,,,,,,,,,,,,,
807,,,,,,,,,,,,,,,,,,
808,,,,,,,,,,,,,,,,,,
809,,,,,,,,,,,,,,,,,,
810,,,,,,,,,,,,,,,,,,
811,,,,,,,,,,,,,,,,,,
812,,,,,,,,,,,,,,,,,,
813,,,,,,,,,,,,,,,,,,
814,,,,,,,,,,,,,,,,,,
815,,,,,,,,,,,,,,,,,,
816,,,,,,,,,,,,,,,,,,
817,,,,,,,,,,,,,,,,,,
818,,,,,,,,,,,,,,,,,,
819,,,,,,,,,,,,,,,,,,
820,,,,,,,,,,,,,,,,,,
821,,,,,,,,,,,,,,,,,,
822,,,,,,,,,,,,,,,,,,
823,,,,,,,,,,,,,,,,,,
824,,,,,,,,,,,,,,,,,,
825,,,,,,,,,,,,,,,,,,
826,,,,,,,,,,,,,,,,,,
827,,,,,,,,,,,,,,,,,,
828,,,,,,,,,,,,,,,,,,
829,,,,,,,,,,,,,,,,,,
830,,,,,,,,,,,,,,,,,,
831,,,,,,,,,,,,,,,,,,
832,,,,,,,,,,,,,,,,,,
833,,,,,,,,,,,,,,,,,,
834,,,,,,,,,,,,,,,,,,
835,,,,,,,,,,,,,,,,,,
836,,,,,,,,,,,,,,,,,,
837,,,,,,,,,,,,,,,,,,
838,,,,,,,,,,,,,,,,,,
839,,,,,,,,,,,,,,,,,,
840,,,,,,,,,,,,,,,,,,
841,,,,,,,,,,,,,,,,,,
842,,,,,,,,,,,,,,,,,,
843,,,,,,,,,,,,,,,,,,
844,,,,,,,,,,,,,,,,,,
845,,,,,,,,,,,,,,,,,,
846,,,,,,,,,,,,,,,,,,
847,,,,,,,,,,,,,,,,,,
848,,,,,,,,,,,,,,,,,,
849,,,,,,,,,,,,,,,,,,
850,,,,,,,,,,,,,,,,,,
851,,,,,,,,,,,,,,,,,,
852,,,,,,,,,,,,,,,,,,
853,,,,,,,,,,,,,,,,,,
854,,,,,,,,,,,,,,,,,,
855,,,,,,,,,,,,,,,,,,
856,,,,,,,,,,,,,,,,,,
857,,,,,,,,,,,,,,,,,,
858,,,,,,,,,,,,,,,,,,
859,,,,,,,,,,,,,,,,,,
860,,,,,,,,,,,,,,,,,,
861,,,,,,,,,,,,,,,,,,
862,,,,,,,,,,,,,,,,,,
863,,,,,,,,,,,,,,,,,,
864,,,,,,,,,,,,,,,,,,
865,,,,,,,,,,,,,,,,,,
866,,,,,,,,,,,,,,,,,,
867,,,,,,,,,,,,,,,,,,
868,,,,,,,,,,,,,,,,,,
869,,,,,,,,,,,,,,,,,,
870,,,,,,,,,,,,,,,,,,
871,,,,,,,,,,,,,,,,,,
872,,,,,,,,,,,,,,,,,,
873,,,,,,,,,,,,,,,,,,
874,,,,,,,,,,,,,,,,,,
875,,,,,,,,,,,,,,,,,,
876,,,,,,,,,,,,,,,,,,
877,,,,,,,,,,,,,,,,,,
878,,,,,,,,,,,,,,,,,,
879,,,,,,,,,,,,,,,,,,
880,,,,,,,,,,,,,,,,,,
881,,,,,,,,,,,,,,,,,,
882,,,,,,,,,,,,,,,,,,
883,,,,,,,,,,,,,,,,,,
884,,,,,,,,,,,,,,,,,,
885,,,,,,,,,,,,,,,,,,
886,,,,,,,,,,,,,,,,,,
887,,,,,,,,,,,,,,,,,,
888,,,,,,,,,,,,,,,,,,
889,,,,,,,,,,,,,,,,,,
890,,,,,,,,,,,,,,,,,,
891,,,,,,,,,,,,,,,,,,
892,,,,,,,,,,,,,,,,,,
893,,,,,,,,,,,,,,,,,,
894,,,,,,,,,,,,,,,,,,
895,,,,,,,,,,,,,,,,,,
896,,,,,,,,,,,,,,,,,,
897,,,,,,,,,,,,,,,,,,
898,,,,,,,,,,,,,,,,,,
899,,,,,,,,,,,,,,,,,,
900,,,,,,,,,,,,,,,,,,
901,,,,,,,,,,,,,,,,,,
902,,,,,,,,,,,,,,,,,,
903,,,,,,,,,,,,,,,,,,
904,,,,,,,,,,,,,,,,,,
905,,,,,,,,,,,,,,,,,,
906,,,,,,,,,,,,,,,,,,
907,,,,,,,,,,,,,,,,,,
908,,,,,,,,,,,,,,,,,,
909,,,,,,,,,,,,,,,,,,
910,,,,,,,,,,,,,,,,,,
911,,,,,,,,,,,,,,,,,,
912,,,,,,,,,,,,,,,,,,
913,,,,,,,,,,,,,,,,,,
914,,,,,,,,,,,,,,,,,,
915,,,,,,,,,,,,,,,,,,
916,,,,,,,,,,,,,,,,,,
917,,,,,,,,,,,,,,,,,,
918,,,,,,,,,,,,,,,,,,
919,,,,,,,,,,,,,,,,,,
920,,,,,,,,,,,,,,,,,,
921,,,,,,,,,,,,,,,,,,
922,,,,,,,,,,,,,,,,,,
923,,,,,,,,,,,,,,,,,,
924,,,,,,,,,,,,,,,,,,
925,,,,,,,,,,,,,,,,,,
926,,,,,,,,,,,,,,,,,,
927,,,,,,,,,,,,,,,,,,
928,,,,,,,,,,,,,,,,,,
929,,,,,,,,,,,,,,,,,,
930,,,,,,,,,,,,,,,,,,
931,,,,,,,,,,,,,,,,,,
932,,,,,,,,,,,,,,,,,,
933,,,,,,,,,,,,,,,,,,
934,,,,,,,,,,,,,,,,,,
935,,,,,,,,,,,,,,,,,,
936,,,,,,,,,,,,,,,,,,
937,,,,,,,,,,,,,,,,,,
938,,,,,,,,,,,,,,,,,,
939,,,,,,,,,,,,,,,,,,
940,,,,,,,,,,,,,,,,,,
941,,,,,,,,,,,,,,,,,,
942,,,,,,,,,,,,,,,,,,
943,,,,,,,,,,,,,,,,,,
944,,,,,,,,,,,,,,,,,,
945,,,,,,,,,,,,,,,,,,
946,,,,,,,,,,,,,,,,,,
947,,,,,,,,,,,,,,,,,,
948,,,,,,,,,,,,,,,,,,
949,,,,,,,,,,,,,,,,,,
950,,,,,,,,,,,,,,,,,,
951,,,,,,,,,,,,,,,,,,
952,,,,,,,,,,,,,,,,,,
953,,,,,,,,,,,,,,,,,,
954,,,,,,,,,,,,,,,,,,
955,,,,,,,,,,,,,,,,,,
956,,,,,,,,,,,,,,,,,,
957,,,,,,,,,,,,,,,,,,
958,,,,,,,,,,,,,,,,,,
959,,,,,,,,,,,,,,,,,,
960,,,,,,,,,,,,,,,,,,
961,,,,,,,,,,,,,,,,,,
962,,,,,,,,,,,,,,,,,,
963,,,,,,,,,,,,,,,,,,
964,,,,,,,,,,,,,,,,,,
965,,,,,,,,,,,,,,,,,,
966,,,,,,,,,,,,,,,,,,
967,,,,,,,,,,,,,,,,,,
968,,,,,,,,,,,,,,,,,,
969,,,,,,,,,,,,,,,,,,
970,,,,,,,,,,,,,,,,,,
